dataset,group,frame,axis,level,pct_fov,edge_dist_px,n_edge_px,n_near,k_near,n_mid,k_mid,n_far,k_far
kitti,day,000001,none,0.0,30.794406426658732,2.865000009536743,12007,0,0,0,0,103,102
kitti,day,000001,yaw,0.25,30.801150641449542,2.865000009536743,12056,0,0,0,0,103,92
kitti,day,000001,yaw,0.5,30.80293660504646,2.865000009536743,12000,0,0,0,0,103,76
kitti,day,000001,yaw,1.0,30.802552825634073,2.865000009536743,11932,0,0,0,0,103,44
kitti,day,000001,yaw,2.0,30.804457082396507,2.865000009536743,11924,0,0,0,0,103,8
kitti,day,000001,yaw,3.0,30.80980093909133,2.865000009536743,11742,0,0,0,0,103,0
kitti,day,000001,pitch,0.25,30.500512752654735,2.3243000507354736,11963,0,0,0,0,103,101
kitti,day,000001,pitch,0.5,30.07994174018107,2.3243000507354736,12009,0,0,0,0,103,89
kitti,day,000001,pitch,1.0,29.37181101318667,2.865000009536743,11976,0,0,0,0,103,64
kitti,day,000001,pitch,2.0,27.91566365070142,2.865000009536743,11955,0,0,0,0,103,14
kitti,day,000001,pitch,3.0,26.39940114780005,4.775000095367432,12047,0,0,0,0,103,0
kitti,day,000001,roll,0.25,30.80152734846356,2.865000009536743,12003,0,0,0,0,103,102
kitti,day,000001,roll,0.5,30.803305785123968,3.2792999744415283,11981,0,0,0,0,103,102
kitti,day,000001,roll,1.0,30.81958541342943,3.2792999744415283,11895,0,0,0,0,103,102
kitti,day,000001,roll,2.0,30.77991205739412,2.865000009536743,11949,0,0,0,0,103,102
kitti,day,000001,roll,3.0,30.853033559265995,3.819999933242798,11914,0,0,0,0,103,101
kitti,day,000001,tx,0.02,30.835492334857012,2.865000009536743,12051,0,0,0,0,103,102
kitti,day,000001,tx,0.05,30.990946502057614,2.865000009536743,11971,0,0,0,0,103,102
kitti,day,000001,tx,0.1,31.142651107906122,2.865000009536743,11964,0,0,0,0,103,102
kitti,day,000001,ty,0.02,30.805977057092797,2.865000009536743,12044,0,0,0,0,103,102
kitti,day,000001,ty,0.05,30.82746537075606,2.865000009536743,12130,0,0,0,0,103,101
kitti,day,000001,ty,0.1,30.842341895599855,2.865000009536743,12081,0,0,0,0,103,99
kitti,day,000001,tz,0.02,31.10681344837846,2.865000009536743,11904,0,0,0,0,103,102
kitti,day,000001,tz,0.05,31.545454545454547,3.2792999744415283,11836,0,0,0,0,103,102
kitti,day,000001,tz,0.1,32.21215827575948,3.2792999744415283,11724,0,0,0,0,103,100
kitti,day,000004,none,0.0,32.899573718999704,3.2792999744415283,14240,0,0,0,0,108,108
kitti,day,000004,yaw,0.25,32.88588288070672,3.819999933242798,14325,0,0,0,0,108,107
kitti,day,000004,yaw,0.5,32.86756714795839,3.819999933242798,14198,0,0,0,0,108,102
kitti,day,000004,yaw,1.0,32.82454597195633,4.234300136566162,14343,0,0,0,0,108,87
kitti,day,000004,yaw,2.0,32.734141839322376,4.648600101470947,14209,0,0,0,0,108,57
kitti,day,000004,yaw,3.0,32.738917276619254,4.775000095367432,14138,0,0,0,0,108,22
kitti,day,000004,pitch,0.25,32.58617116805968,2.865000009536743,14192,0,0,0,0,108,93
kitti,day,000004,pitch,0.5,32.14859611231102,2.865000009536743,14244,0,0,0,0,108,93
kitti,day,000004,pitch,1.0,31.41033403103323,3.6935999393463135,14259,0,0,0,0,108,25
kitti,day,000004,pitch,2.0,29.886970390402883,4.234300136566162,14253,0,0,0,0,108,0
kitti,day,000004,pitch,3.0,28.305329186286947,4.775000095367432,13972,0,0,0,0,108,0
kitti,day,000004,roll,0.25,32.902435235843356,3.6935999393463135,14266,0,0,0,0,108,108
kitti,day,000004,roll,0.5,32.91279059733177,3.819999933242798,14222,0,0,0,0,108,108
kitti,day,000004,roll,1.0,32.88806047426737,3.819999933242798,14181,0,0,0,0,108,108
kitti,day,000004,roll,2.0,32.86217251734493,4.234300136566162,14247,0,0,0,0,108,103
kitti,day,000004,roll,3.0,32.92030511165568,4.775000095367432,14232,0,0,0,0,108,71
kitti,day,000004,tx,0.02,32.93819672978515,3.2792999744415283,14266,0,0,0,0,108,108
kitti,day,000004,tx,0.05,33.06355997731842,3.2792999744415283,14295,0,0,0,0,108,108
kitti,day,000004,tx,0.1,33.20732771154405,3.2792999744415283,14296,0,0,0,0,108,108
kitti,day,000004,ty,0.02,32.916832059092556,3.2792999744415283,14307,0,0,0,0,108,108
kitti,day,000004,ty,0.05,32.920283727111126,3.6935999393463135,14405,0,0,0,0,108,108
kitti,day,000004,ty,0.1,32.909928723055415,3.819999933242798,14465,0,0,0,0,108,108
kitti,day,000004,tz,0.02,33.217127176708146,3.6935999393463135,14239,0,0,0,0,108,108
kitti,day,000004,tz,0.05,33.64858567902939,3.819999933242798,14163,0,0,0,0,108,108
kitti,day,000004,tz,0.1,34.36421372359519,3.819999933242798,14088,0,0,0,0,108,108
kitti,day,000007,none,0.0,31.80448665465859,2.865000009536743,15049,0,0,200,197,53,53
kitti,day,000007,yaw,0.25,31.821754937604403,2.865000009536743,15336,0,0,200,191,53,49
kitti,day,000007,yaw,0.5,31.822424550084335,2.738600015640259,15353,0,0,200,177,53,44
kitti,day,000007,yaw,1.0,31.75081473232563,2.865000009536743,15101,0,0,200,155,53,25
kitti,day,000007,yaw,2.0,31.51324519585197,2.865000009536743,15166,0,0,200,102,53,1
kitti,day,000007,yaw,3.0,31.567737601782525,3.6935999393463135,15438,0,0,200,45,53,0
kitti,day,000007,pitch,0.25,31.50848790719014,2.865000009536743,14913,0,0,200,173,53,49
kitti,day,000007,pitch,0.5,31.081967213114755,3.2792999744415283,15010,0,0,200,173,53,31
kitti,day,000007,pitch,1.0,30.382841858251695,3.819999933242798,14955,0,0,200,130,53,18
kitti,day,000007,pitch,2.0,28.921012383442697,4.107900142669678,14888,0,0,200,64,53,6
kitti,day,000007,pitch,3.0,27.413560104156367,3.819999933242798,15024,0,0,200,20,53,0
kitti,day,000007,roll,0.25,31.818181818181817,2.865000009536743,15085,0,0,200,197,53,53
kitti,day,000007,roll,0.5,31.816469894709265,2.738600015640259,15093,0,0,200,197,53,53
kitti,day,000007,roll,1.0,31.81319491067481,3.2792999744415283,15038,0,0,200,197,53,52
kitti,day,000007,roll,2.0,31.79019421609406,3.819999933242798,14973,0,0,200,197,53,48
kitti,day,000007,roll,3.0,31.860609831985066,4.775000095367432,15222,0,0,200,196,53,44
kitti,day,000007,tx,0.02,31.864484376788372,2.865000009536743,15019,0,0,200,197,53,53
kitti,day,000007,tx,0.05,31.992171573024546,2.865000009536743,15244,0,0,200,197,53,53
kitti,day,000007,tx,0.1,32.1505743204822,2.865000009536743,15189,0,0,200,197,53,53
kitti,day,000007,ty,0.02,31.825773702308826,2.865000009536743,15230,0,0,200,197,53,53
kitti,day,000007,ty,0.05,31.840510889143605,2.865000009536743,15260,0,0,200,195,53,52
kitti,day,000007,ty,0.1,31.847060749959063,2.865000009536743,15255,0,0,200,191,53,52
kitti,day,000007,tz,0.02,32.099816609903066,2.865000009536743,15026,0,0,200,197,53,53
kitti,day,000007,tz,0.05,32.48845662638766,2.865000009536743,14994,0,0,200,197,53,53
kitti,day,000007,tz,0.1,33.18707226824716,2.865000009536743,14821,0,0,200,197,53,53
kitti,day,000008,none,0.0,30.034498379621564,2.865000009536743,13072,2919,2879,255,246,73,63
kitti,day,000008,yaw,0.25,30.08485651060271,2.865000009536743,13070,2919,2881,255,245,73,62
kitti,day,000008,yaw,0.5,30.118340101434374,2.865000009536743,13158,2919,2881,255,242,73,57
kitti,day,000008,yaw,1.0,30.1772363674387,2.865000009536743,13433,2919,2867,255,218,73,48
kitti,day,000008,yaw,2.0,30.283603930039718,3.819999933242798,13294,2919,2768,255,158,73,25
kitti,day,000008,yaw,3.0,30.361496134289894,3.6936001777648926,13462,2919,2625,255,93,73,8
kitti,day,000008,pitch,0.25,29.73326359832636,2.865000009536743,13078,2919,2824,255,227,73,41
kitti,day,000008,pitch,0.5,29.331937903366473,2.738600015640259,12907,2919,2753,255,200,73,41
kitti,day,000008,pitch,1.0,28.62630742635632,2.865000009536743,12957,2919,2632,255,176,73,24
kitti,day,000008,pitch,2.0,27.16310815540777,3.6935999393463135,12895,2919,2391,255,104,73,2
kitti,day,000008,pitch,3.0,25.728163852210358,4.775000095367432,12786,2919,2092,255,38,73,0
kitti,day,000008,roll,0.25,30.05366414607799,2.865000009536743,13072,2919,2880,255,226,73,63
kitti,day,000008,roll,0.5,30.03554502369668,2.738600015640259,13071,2919,2885,255,226,73,63
kitti,day,000008,roll,1.0,30.031364349189754,2.865000009536743,13199,2919,2872,255,205,73,50
kitti,day,000008,roll,2.0,29.994772608468374,2.3243000507354736,13190,2919,2834,255,180,73,41
kitti,day,000008,roll,3.0,30.08834137756791,2.738600015640259,13106,2919,2809,255,156,73,36
kitti,day,000008,tx,0.02,30.082529754148204,2.865000009536743,13111,2919,2881,255,247,73,63
kitti,day,000008,tx,0.05,30.24535418901616,2.865000009536743,13180,2919,2887,255,248,73,63
kitti,day,000008,tx,0.1,30.42417159356524,2.738600015640259,13106,2919,2887,255,252,73,63
kitti,day,000008,ty,0.02,30.027529010001047,2.865000009536743,12961,2919,2881,255,245,73,63
kitti,day,000008,ty,0.05,30.01707495557027,2.865000009536743,13055,2919,2881,255,245,73,63
kitti,day,000008,ty,0.1,29.97700108025229,2.865000009536743,12773,2919,2881,255,243,73,62
kitti,day,000008,tz,0.02,30.371983622266747,2.865000009536743,13138,2919,2886,255,255,73,63
kitti,day,000008,tz,0.05,30.852991393428344,2.865000009536743,13105,2919,2853,255,255,73,63
kitti,day,000008,tz,0.1,31.592975854499844,2.865000009536743,12896,2919,2810,255,255,73,70
kitti,day,000009,none,0.0,31.599596275314187,3.2792999744415283,10287,0,0,223,221,0,0
kitti,day,000009,yaw,0.25,31.607137042945983,3.2792999744415283,10329,0,0,223,221,0,0
kitti,day,000009,yaw,0.5,31.59865219019094,2.865000009536743,10496,0,0,223,206,0,0
kitti,day,000009,yaw,1.0,31.562759361421666,2.865000009536743,10481,0,0,223,183,0,0
kitti,day,000009,yaw,2.0,31.54202945723818,3.2792999744415283,10540,0,0,223,122,0,0
kitti,day,000009,yaw,3.0,31.546136692872373,4.234300136566162,10851,0,0,223,68,0,0
kitti,day,000009,pitch,0.25,31.30589174308938,2.865000009536743,10292,0,0,223,221,0,0
kitti,day,000009,pitch,0.5,30.893354848173683,3.2792999744415283,10417,0,0,223,196,0,0
kitti,day,000009,pitch,1.0,30.203116077983523,4.648600101470947,10379,0,0,223,165,0,0
kitti,day,000009,pitch,2.0,28.744727462969625,3.819999933242798,10387,0,0,223,92,0,0
kitti,day,000009,pitch,3.0,27.252027193054303,4.648600101470947,10414,0,0,223,27,0,0
kitti,day,000009,roll,0.25,31.60610796379501,2.865000009536743,10249,0,0,223,221,0,0
kitti,day,000009,roll,0.5,31.60722134496736,2.865000009536743,10193,0,0,223,222,0,0
kitti,day,000009,roll,1.0,31.610392993195063,3.819999933242798,10429,0,0,223,223,0,0
kitti,day,000009,roll,2.0,31.57731941979911,4.648600101470947,10318,0,0,223,223,0,0
kitti,day,000009,roll,3.0,31.629762292412895,3.2792999744415283,10385,0,0,223,223,0,0
kitti,day,000009,tx,0.02,31.635406169749373,3.2792999744415283,10293,0,0,223,221,0,0
kitti,day,000009,tx,0.05,31.77565547322167,3.2792999744415283,10299,0,0,223,221,0,0
kitti,day,000009,tx,0.1,31.919567148510055,3.2792999744415283,10209,0,0,223,221,0,0
kitti,day,000009,ty,0.02,31.6028521195546,3.2792999744415283,10296,0,0,223,222,0,0
kitti,day,000009,ty,0.05,31.597968353193984,2.865000009536743,10249,0,0,223,223,0,0
kitti,day,000009,ty,0.1,31.584944976232336,2.865000009536743,10364,0,0,223,221,0,0
kitti,day,000009,tz,0.02,31.914893617021278,3.6935999393463135,10365,0,0,223,221,0,0
kitti,day,000009,tz,0.05,32.31320201855771,3.819999933242798,10257,0,0,223,221,0,0
kitti,day,000009,tz,0.1,32.98443807787472,3.819999933242798,10160,0,0,223,221,0,0
kitti,day,000010,none,0.0,29.97432956469496,3.819999933242798,9208,1178,1138,862,840,23,23
kitti,day,000010,yaw,0.25,29.924442421483842,3.819999933242798,9273,1178,1139,862,840,23,23
kitti,day,000010,yaw,0.5,29.885099331718777,3.819999933242798,9404,1178,1140,862,825,23,23
kitti,day,000010,yaw,1.0,29.811685000364246,4.107900142669678,9486,1178,1140,862,750,23,20
kitti,day,000010,yaw,2.0,29.685280297235273,4.648600101470947,9432,1178,1105,862,615,23,8
kitti,day,000010,yaw,3.0,29.638062624091514,4.775000095367432,9661,1178,1038,862,459,23,2
kitti,day,000010,pitch,0.25,29.650950958245282,3.819999933242798,9228,1178,1125,862,783,23,17
kitti,day,000010,pitch,0.5,29.19666782114147,4.234300136566162,9309,1178,1094,862,689,23,13
kitti,day,000010,pitch,1.0,28.46035917652212,7.513599872589111,9245,1178,1071,862,592,23,7
kitti,day,000010,pitch,2.0,26.901408450704224,12.323699951171875,9310,1178,870,862,377,23,0
kitti,day,000010,pitch,3.0,25.335044458703823,12.576499938964844,9236,1178,650,862,212,23,0
kitti,day,000010,roll,0.25,29.974875286749445,3.819999933242798,9262,1178,1145,862,817,23,23
kitti,day,000010,roll,0.5,29.98343255593788,3.6935999393463135,9271,1178,1153,862,809,23,23
kitti,day,000010,roll,1.0,29.983978443724283,3.819999933242798,9208,1178,1174,862,784,23,17
kitti,day,000010,roll,2.0,29.985253154186466,5.062900066375732,9240,1178,1166,862,736,23,17
kitti,day,000010,roll,3.0,30.045512470416895,6.017899990081787,9326,1178,1166,862,703,23,17
kitti,day,000010,tx,0.02,29.98382788508713,3.819999933242798,9281,1178,1141,862,841,23,23
kitti,day,000010,tx,0.05,30.136092637225232,3.819999933242798,9319,1178,1144,862,843,23,23
kitti,day,000010,tx,0.1,30.264771661496283,3.819999933242798,9413,1178,1151,862,846,23,23
kitti,day,000010,ty,0.02,29.96158537695487,3.819999933242798,9248,1178,1138,862,841,23,23
kitti,day,000010,ty,0.05,29.956123582209113,3.819999933242798,9227,1178,1139,862,840,23,23
kitti,day,000010,ty,0.1,29.923352813734592,3.819999933242798,9332,1178,1140,862,839,23,23
kitti,day,000010,tz,0.02,30.305126711331198,3.819999933242798,9208,1178,1153,862,851,23,23
kitti,day,000010,tz,0.05,30.721476815525495,3.819999933242798,9304,1178,1174,862,848,23,23
kitti,day,000010,tz,0.1,31.456399053340615,4.648600101470947,9384,1178,1164,862,848,23,23
kitti,day,000011,none,0.0,35.80390960168016,2.3243000507354736,10112,215,210,310,303,40,40
kitti,day,000011,yaw,0.25,35.84234541731038,2.3243000507354736,10137,215,207,310,298,40,31
kitti,day,000011,yaw,0.5,35.86249056060988,2.3243000507354736,10109,215,198,310,277,40,21
kitti,day,000011,yaw,1.0,35.922365057073925,2.738600015640259,10287,215,173,310,218,40,3
kitti,day,000011,yaw,2.0,36.05447091332695,2.865000009536743,10572,215,73,310,133,40,0
kitti,day,000011,yaw,3.0,36.12655522755673,2.865000009536743,10862,215,18,310,80,40,0
kitti,day,000011,pitch,0.25,35.48543514959951,2.865000009536743,10233,215,207,310,280,40,40
kitti,day,000011,pitch,0.5,35.02811663462748,2.865000009536743,10041,215,177,310,247,40,36
kitti,day,000011,pitch,1.0,34.27132967724535,3.819999933242798,10064,215,167,310,225,40,32
kitti,day,000011,pitch,2.0,32.673677386826085,5.730000019073486,10117,215,134,310,135,40,15
kitti,day,000011,pitch,3.0,31.071357726362866,9.550000190734863,9953,215,116,310,85,40,0
kitti,day,000011,roll,0.25,35.811223207553944,2.3243000507354736,10167,215,208,310,303,40,40
kitti,day,000011,roll,0.5,35.80878525140467,2.3243000507354736,10101,215,208,310,302,40,40
kitti,day,000011,roll,1.0,35.812884812148845,2.3243000507354736,10077,215,188,310,301,40,40
kitti,day,000011,roll,2.0,35.76878197648326,2.738600015640259,10118,215,170,310,283,40,40
kitti,day,000011,roll,3.0,35.847769500044876,2.865000009536743,10154,215,159,310,268,40,40
kitti,day,000011,tx,0.02,35.824691490695464,2.3243000507354736,10064,215,211,310,303,40,40
kitti,day,000011,tx,0.05,35.97186518137675,2.3243000507354736,10276,215,211,310,304,40,39
kitti,day,000011,tx,0.1,36.112541963445175,2.738600015640259,10302,215,209,310,304,40,39
kitti,day,000011,ty,0.02,35.811089770055105,2.3243000507354736,10093,215,211,310,303,40,38
kitti,day,000011,ty,0.05,35.791344307024,2.3243000507354736,10244,215,209,310,302,40,38
kitti,day,000011,ty,0.1,35.76800875980542,2.3243000507354736,10442,215,204,310,298,40,35
kitti,day,000011,tz,0.02,36.164713062521315,2.3243000507354736,10129,215,210,310,303,40,40
kitti,day,000011,tz,0.05,36.611678543861856,1.909999966621399,10164,215,210,310,303,40,40
kitti,day,000011,tz,0.1,37.349224583572656,1.909999966621399,10096,215,211,310,301,40,40
kitti,day,000012,none,0.0,31.55683773661302,1.909999966621399,12956,0,0,0,0,55,55
kitti,day,000012,yaw,0.25,31.562784733236594,1.3693000078201294,12949,0,0,0,0,55,54
kitti,day,000012,yaw,0.5,31.543057759173614,1.3693000078201294,13076,0,0,0,0,55,51
kitti,day,000012,yaw,1.0,31.581258656217276,1.909999966621399,12807,0,0,0,0,55,35
kitti,day,000012,yaw,2.0,31.59095132705986,1.909999966621399,12562,0,0,0,0,55,5
kitti,day,000012,yaw,3.0,31.66221109268722,1.909999966621399,12321,0,0,0,0,55,0
kitti,day,000012,pitch,0.25,31.21951219512195,1.909999966621399,13055,0,0,0,0,55,55
kitti,day,000012,pitch,0.5,30.795602317058755,1.909999966621399,13103,0,0,0,0,55,48
kitti,day,000012,pitch,1.0,30.077603259675048,1.909999966621399,13001,0,0,0,0,55,19
kitti,day,000012,pitch,2.0,28.577965326147744,2.865000009536743,13081,0,0,0,0,55,11
kitti,day,000012,pitch,3.0,27.00852668410504,3.6935999393463135,12988,0,0,0,0,55,0
kitti,day,000012,roll,0.25,31.53996693322536,1.909999966621399,13058,0,0,0,0,55,55
kitti,day,000012,roll,0.5,31.547337877049735,1.909999966621399,13088,0,0,0,0,55,55
kitti,day,000012,roll,1.0,31.557370134799992,1.909999966621399,12987,0,0,0,0,55,55
kitti,day,000012,roll,2.0,31.507380851961198,1.909999966621399,13099,0,0,0,0,55,44
kitti,day,000012,roll,3.0,31.54556037318847,1.909999966621399,13269,0,0,0,0,55,44
kitti,day,000012,tx,0.02,31.586483390607103,1.909999966621399,13122,0,0,0,0,55,55
kitti,day,000012,tx,0.05,31.62635922085343,1.909999966621399,13050,0,0,0,0,55,55
kitti,day,000012,tx,0.1,31.836140221649313,1.909999966621399,13261,0,0,0,0,55,55
kitti,day,000012,ty,0.02,31.54840233491919,1.909999966621399,12928,0,0,0,0,55,55
kitti,day,000012,ty,0.05,31.550089415257954,1.909999966621399,12706,0,0,0,0,55,55
kitti,day,000012,ty,0.1,31.552931252636018,1.909999966621399,12588,0,0,0,0,55,55
kitti,day,000012,tz,0.02,31.822859552931252,1.909999966621399,12912,0,0,0,0,55,55
kitti,day,000012,tz,0.05,32.22100379586672,1.909999966621399,12863,0,0,0,0,55,55
kitti,day,000012,tz,0.1,32.94756731223429,1.909999966621399,12583,0,0,0,0,55,55
kitti,day,000015,none,0.0,31.38899827081443,1.909999966621399,13924,452,403,242,179,0,0
kitti,day,000015,yaw,0.25,31.40934541033851,1.909999966621399,13863,452,393,242,148,0,0
kitti,day,000015,yaw,0.5,31.47520208247705,1.909999966621399,14153,452,365,242,104,0,0
kitti,day,000015,yaw,1.0,31.56084203320212,1.909999966621399,14000,452,306,242,27,0,0
kitti,day,000015,yaw,2.0,31.6310453486779,1.909999966621399,14030,452,161,242,0,0,0
kitti,day,000015,yaw,3.0,31.67822847965007,1.909999966621399,13913,452,48,242,0,0,0
kitti,day,000015,pitch,0.25,31.103764859031894,1.909999966621399,13996,452,401,242,177,0,0
kitti,day,000015,pitch,0.5,30.668243440108316,1.909999966621399,13822,452,385,242,171,0,0
kitti,day,000015,pitch,1.0,30.001029371397202,1.909999966621399,13840,452,362,242,146,0,0
kitti,day,000015,pitch,2.0,28.64853714717915,1.909999966621399,13967,452,335,242,98,0,0
kitti,day,000015,pitch,3.0,27.209302325581394,2.3243000507354736,13729,452,316,242,38,0,0
kitti,day,000015,roll,0.25,31.38899827081443,1.909999966621399,13941,452,401,242,180,0,0
kitti,day,000015,roll,0.5,31.383862076049923,1.909999966621399,13966,452,395,242,180,0,0
kitti,day,000015,roll,1.0,31.34277251793388,1.909999966621399,13682,452,377,242,180,0,0
kitti,day,000015,roll,2.0,31.404406855107947,1.909999966621399,13827,452,349,242,186,0,0
kitti,day,000015,roll,3.0,31.419277520972436,2.3243000507354736,13946,452,331,242,177,0,0
kitti,day,000015,tx,0.02,31.49739472110703,1.909999966621399,13962,452,404,242,180,0,0
kitti,day,000015,tx,0.05,31.677314933128887,1.909999966621399,14027,452,402,242,181,0,0
kitti,day,000015,tx,0.1,31.854688400149108,1.909999966621399,14114,452,393,242,188,0,0
kitti,day,000015,ty,0.02,31.390710335735932,1.909999966621399,13917,452,400,242,178,0,0
kitti,day,000015,ty,0.05,31.407830984950948,1.909999966621399,14002,452,388,242,167,0,0
kitti,day,000015,ty,0.1,31.443246019517208,1.909999966621399,14083,452,356,242,152,0,0
kitti,day,000015,tz,0.02,31.79530201342282,1.909999966621399,13775,452,413,242,194,0,0
kitti,day,000015,tz,0.05,32.29865771812081,1.909999966621399,13832,452,414,242,205,0,0
kitti,day,000015,tz,0.1,33.076514801308065,1.909999966621399,13582,452,418,242,206,0,0
kitti,day,000016,none,0.0,31.806611246595583,2.3243000507354736,8476,0,0,1984,1984,144,121
kitti,day,000016,yaw,0.25,31.8265173500454,2.3243000507354736,8488,0,0,1984,1984,144,115
kitti,day,000016,yaw,0.5,31.81543062626838,2.3243000507354736,8523,0,0,1984,1975,144,105
kitti,day,000016,yaw,1.0,31.80459156433529,2.865000009536743,8536,0,0,1984,1941,144,81
kitti,day,000016,yaw,2.0,31.76884404256453,2.865000009536743,8540,0,0,1984,1880,144,34
kitti,day,000016,yaw,3.0,31.764538856057783,3.2792999744415283,8460,0,0,1984,1807,144,6
kitti,day,000016,pitch,0.25,31.508728179551124,2.865000009536743,8469,0,0,1984,1984,144,121
kitti,day,000016,pitch,0.5,31.057406120230265,3.819999933242798,8526,0,0,1984,1984,144,87
kitti,day,000016,pitch,1.0,30.30421982335623,5.062900066375732,8526,0,0,1984,1984,144,49
kitti,day,000016,pitch,2.0,28.75511919452045,5.603600025177002,8558,0,0,1984,1943,144,4
kitti,day,000016,pitch,3.0,27.166801111409878,9.550000190734863,8520,0,0,1984,1740,144,0
kitti,day,000016,roll,0.25,31.797226820455315,2.738600015640259,8443,0,0,1984,1984,144,121
kitti,day,000016,roll,0.5,31.806692773228907,2.865000009536743,8408,0,0,1984,1984,144,121
kitti,day,000016,roll,1.0,31.81615906299507,3.6935999393463135,8534,0,0,1984,1984,144,121
kitti,day,000016,roll,2.0,31.756684587175563,5.189300060272217,8507,0,0,1984,1984,144,111
kitti,day,000016,roll,3.0,31.831452273293696,8.34220027923584,8590,0,0,1984,1984,144,100
kitti,day,000016,tx,0.02,31.873033927524126,2.3243000507354736,8556,0,0,1984,1984,144,121
kitti,day,000016,tx,0.05,32.052259311127266,2.3243000507354736,8540,0,0,1984,1984,144,121
kitti,day,000016,tx,0.1,32.23381161645576,2.3243000507354736,8648,0,0,1984,1984,144,121
kitti,day,000016,ty,0.02,31.808391334531926,2.3243000507354736,8510,0,0,1984,1984,144,121
kitti,day,000016,ty,0.05,31.78347010342311,2.3243000507354736,8609,0,0,1984,1984,144,120
kitti,day,000016,ty,0.1,31.758548872314293,2.738600015640259,8542,0,0,1984,1984,144,120
kitti,day,000016,tz,0.02,32.16211886580872,2.3243000507354736,8509,0,0,1984,1984,144,129
kitti,day,000016,tz,0.05,32.64746716030045,2.738600015640259,8682,0,0,1984,1984,144,144
kitti,day,000016,tz,0.1,33.369524589288574,2.865000009536743,8632,0,0,1984,1984,144,144
kitti,day,000019,none,0.0,31.206615962004715,1.909999966621399,4881,1388,1373,0,0,140,136
kitti,day,000019,yaw,0.25,31.232458107053294,1.909999966621399,4843,1388,1373,0,0,140,133
kitti,day,000019,yaw,0.5,31.27678660420612,1.909999966621399,4902,1388,1371,0,0,140,121
kitti,day,000019,yaw,1.0,31.331926700004985,2.3243000507354736,4882,1388,1353,0,0,140,92
kitti,day,000019,yaw,2.0,31.422067888414443,2.3243000507354736,4798,1388,1270,0,0,140,48
kitti,day,000019,yaw,3.0,31.482343552570327,2.3243000507354736,4709,1388,1176,0,0,140,13
kitti,day,000019,pitch,0.25,30.914800292417095,1.909999966621399,4884,1388,1337,0,0,140,120
kitti,day,000019,pitch,0.5,30.522395504272936,2.738600015640259,4993,1388,1323,0,0,140,115
kitti,day,000019,pitch,1.0,29.85121821328718,2.738600015640259,4903,1388,1249,0,0,140,68
kitti,day,000019,pitch,2.0,28.41199139182223,4.775000095367432,4900,1388,1094,0,0,140,14
kitti,day,000019,pitch,3.0,26.934586001103327,4.234300136566162,4829,1388,973,0,0,140,0
kitti,day,000019,roll,0.25,31.21657976020459,1.909999966621399,4946,1388,1364,0,0,140,136
kitti,day,000019,roll,0.5,31.22093795668925,1.909999966621399,4903,1388,1354,0,0,140,136
kitti,day,000019,roll,1.0,31.18045637227223,1.909999966621399,4864,1388,1334,0,0,140,136
kitti,day,000019,roll,2.0,31.133031103140205,1.909999966621399,4910,1388,1303,0,0,140,132
kitti,day,000019,roll,3.0,31.18949168866969,1.909999966621399,4881,1388,1261,0,0,140,125
kitti,day,000019,tx,0.02,31.296216467155222,1.909999966621399,4880,1388,1373,0,0,140,136
kitti,day,000019,tx,0.05,31.48448355720241,1.909999966621399,4856,1388,1374,0,0,140,136
kitti,day,000019,tx,0.1,31.7617784222929,1.909999966621399,4752,1388,1374,0,0,140,136
kitti,day,000019,ty,0.02,31.19499153077153,1.909999966621399,4813,1388,1373,0,0,140,136
kitti,day,000019,ty,0.05,31.163439503138598,1.909999966621399,4772,1388,1373,0,0,140,136
kitti,day,000019,ty,0.1,31.131887475505664,2.3243000507354736,4706,1388,1371,0,0,140,136
kitti,day,000019,tz,0.02,31.538742568667175,1.909999966621399,4888,1388,1373,0,0,140,136
kitti,day,000019,tz,0.05,31.905813586622607,1.909999966621399,4861,1388,1360,0,0,140,136
kitti,day,000019,tz,0.1,32.68186573236139,1.909999966621399,4759,1388,1327,0,0,140,139
kitti,day,000021,none,0.0,32.5950771962709,3.2792999744415283,4753,995,947,1587,1577,91,88
kitti,day,000021,yaw,0.25,32.61030439573089,2.865000009536743,4816,995,947,1587,1580,91,87
kitti,day,000021,yaw,0.5,32.59593085412589,3.2792999744415283,4843,995,944,1587,1576,91,85
kitti,day,000021,yaw,1.0,32.65585110763403,3.819999933242798,4968,995,938,1587,1515,91,76
kitti,day,000021,yaw,2.0,32.77391433621302,4.648600101470947,5282,995,879,1587,1420,91,47
kitti,day,000021,yaw,3.0,32.90537406401166,5.730000019073486,5589,995,806,1587,1245,91,11
kitti,day,000021,pitch,0.25,32.29111842105263,2.738600015640259,4837,995,908,1587,1490,91,79
kitti,day,000021,pitch,0.5,31.867770226909975,2.3243000507354736,4712,995,875,1587,1428,91,68
kitti,day,000021,pitch,1.0,31.17188915051621,1.909999966621399,4621,995,780,1587,1265,91,58
kitti,day,000021,pitch,2.0,29.67250420500643,2.3243000507354736,4565,995,634,1587,953,91,35
kitti,day,000021,pitch,3.0,28.17336438564326,2.865000009536743,4614,995,490,1587,672,91,14
kitti,day,000021,roll,0.25,32.59782966129563,2.865000009536743,4833,995,947,1587,1565,91,83
kitti,day,000021,roll,0.5,32.60333431981849,3.2792999744415283,4727,995,953,1587,1551,91,83
kitti,day,000021,roll,1.0,32.594005359990796,3.2792999744415283,4655,995,973,1587,1493,91,83
kitti,day,000021,roll,2.0,32.579207839397576,3.2792999744415283,4539,995,968,1587,1408,91,83
kitti,day,000021,roll,3.0,32.63671939228518,2.865000009536743,4585,995,944,1587,1299,91,75
kitti,day,000021,tx,0.02,32.67838676318511,2.865000009536743,4815,995,947,1587,1578,91,89
kitti,day,000021,tx,0.05,32.854007664843266,3.2792999744415283,4774,995,948,1587,1579,91,89
kitti,day,000021,tx,0.1,33.06472660837792,3.6935999393463135,4749,995,948,1587,1579,91,90
kitti,day,000021,ty,0.02,32.618096318584655,2.865000009536743,4790,995,948,1587,1578,91,88
kitti,day,000021,ty,0.05,32.629605879741526,3.2792999744415283,4841,995,948,1587,1579,91,88
kitti,day,000021,ty,0.1,32.67728834739144,3.819999933242798,4856,995,948,1587,1580,91,88
kitti,day,000021,tz,0.02,32.919550813041546,3.6935999393463135,4839,995,951,1587,1577,91,91
kitti,day,000021,tz,0.05,33.342649984380905,4.107900142669678,4925,995,972,1587,1575,91,91
kitti,day,000021,tz,0.1,33.9854989066636,4.648600101470947,4906,995,967,1587,1561,91,83
kitti,day,000023,none,0.0,30.777255265598093,2.865000009536743,12751,0,0,0,0,115,114
kitti,day,000023,yaw,0.25,30.771268669073088,2.865000009536743,12663,0,0,0,0,115,103
kitti,day,000023,yaw,0.5,30.768848713618755,2.865000009536743,12759,0,0,0,0,115,88
kitti,day,000023,yaw,1.0,30.76553756498129,3.2792999744415283,12632,0,0,0,0,115,53
kitti,day,000023,yaw,2.0,30.783495595734816,2.865000009536743,12446,0,0,0,0,115,10
kitti,day,000023,yaw,3.0,30.78731683086348,2.865000009536743,12358,0,0,0,0,115,0
kitti,day,000023,pitch,0.25,30.48095561556686,2.3243000507354736,12677,0,0,0,0,115,107
kitti,day,000023,pitch,0.5,30.04823231067575,1.909999966621399,12762,0,0,0,0,115,106
kitti,day,000023,pitch,1.0,29.33174065963236,2.865000009536743,12757,0,0,0,0,115,68
kitti,day,000023,pitch,2.0,27.87937225694906,2.865000009536743,12854,0,0,0,0,115,15
kitti,day,000023,pitch,3.0,26.3836593249142,4.234300136566162,12701,0,0,0,0,115,0
kitti,day,000023,roll,0.25,30.778911114054843,2.865000009536743,12842,0,0,0,0,115,115
kitti,day,000023,roll,0.5,30.779547637182503,2.865000009536743,12701,0,0,0,0,115,115
kitti,day,000023,roll,1.0,30.776618645471103,3.2792999744415283,12630,0,0,0,0,115,113
kitti,day,000023,roll,2.0,30.736876966385164,2.865000009536743,12779,0,0,0,0,115,113
kitti,day,000023,roll,3.0,30.822983937738037,3.6935999393463135,12708,0,0,0,0,115,113
kitti,day,000023,tx,0.02,30.8099173553719,2.865000009536743,12804,0,0,0,0,115,114
kitti,day,000023,tx,0.05,30.939863873827846,2.865000009536743,12644,0,0,0,0,115,114
kitti,day,000023,tx,0.1,31.11647139903515,2.865000009536743,12664,0,0,0,0,115,114
kitti,day,000023,ty,0.02,30.785534507881838,2.865000009536743,12818,0,0,0,0,115,113
kitti,day,000023,ty,0.05,30.808716386276327,2.865000009536743,12720,0,0,0,0,115,112
kitti,day,000023,ty,0.1,30.82527487084382,2.865000009536743,12799,0,0,0,0,115,110
kitti,day,000023,tz,0.02,31.094774488376714,2.865000009536743,12489,0,0,0,0,115,114
kitti,day,000023,tz,0.05,31.53084539223153,2.865000009536743,12575,0,0,0,0,115,114
kitti,day,000023,tz,0.1,32.1958972830676,2.865000009536743,12381,0,0,0,0,115,111
kitti,day,000025,none,0.0,33.24797997041083,2.3243000507354736,10455,1339,1290,421,383,116,104
kitti,day,000025,yaw,0.25,33.23851784427504,2.3243000507354736,10180,1339,1289,421,369,116,95
kitti,day,000025,yaw,0.5,33.23918029989953,2.3243000507354736,10402,1339,1285,421,348,116,78
kitti,day,000025,yaw,1.0,33.23984232868405,2.3243000507354736,10504,1339,1257,421,315,116,65
kitti,day,000025,yaw,2.0,33.188904866419435,2.865000009536743,10688,1339,1159,421,248,116,38
kitti,day,000025,yaw,3.0,33.08148539911601,2.865000009536743,10751,1339,1051,421,178,116,16
kitti,day,000025,pitch,0.25,32.989240782557545,2.3243000507354736,10244,1339,1257,421,377,116,76
kitti,day,000025,pitch,0.5,32.599244394661405,1.909999966621399,10349,1339,1224,421,348,116,76
kitti,day,000025,pitch,1.0,31.99026911965942,2.738600015640259,10344,1339,1165,421,314,116,49
kitti,day,000025,pitch,2.0,30.749752494097937,3.2792999744415283,10262,1339,1082,421,205,116,9
kitti,day,000025,pitch,3.0,29.39437291368622,3.819999933242798,10125,1339,909,421,113,116,0
kitti,day,000025,roll,0.25,33.28401805697811,2.3243000507354736,10307,1339,1295,421,380,116,104
kitti,day,000025,roll,0.5,33.30045710600687,1.909999966621399,10389,1339,1304,421,380,116,104
kitti,day,000025,roll,1.0,33.378855126892,1.909999966621399,10340,1339,1310,421,379,116,104
kitti,day,000025,roll,2.0,33.463573772357414,1.909999966621399,10373,1339,1329,421,352,116,104
kitti,day,000025,roll,3.0,33.73420842975834,1.909999966621399,10484,1339,1311,421,336,116,100
kitti,day,000025,tx,0.02,33.24069347550716,2.3243000507354736,10391,1339,1292,421,385,116,104
kitti,day,000025,tx,0.05,33.28255472805236,2.3243000507354736,10553,1339,1294,421,387,116,104
kitti,day,000025,tx,0.1,33.40491885936245,2.3243000507354736,10694,1339,1302,421,394,116,104
kitti,day,000025,ty,0.02,33.246083229012555,2.738600015640259,10271,1339,1289,421,380,116,103
kitti,day,000025,ty,0.05,33.26694738439361,2.3243000507354736,10218,1339,1288,421,373,116,103
kitti,day,000025,ty,0.1,33.278327832783276,2.3243000507354736,10074,1339,1284,421,368,116,101
kitti,day,000025,tz,0.02,33.54259919581215,2.3243000507354736,10532,1339,1302,421,411,116,104
kitti,day,000025,tz,0.05,33.91749644381223,1.909999966621399,10754,1339,1314,421,414,116,104
kitti,day,000025,tz,0.1,34.70320500663759,1.909999966621399,11108,1339,1335,421,408,116,112
kitti,day,000031,none,0.0,32.3833353327278,3.6935999393463135,10986,3198,3062,565,539,44,43
kitti,day,000031,yaw,0.25,32.36035171314468,3.819999933242798,10937,3198,3058,565,528,44,44
kitti,day,000031,yaw,0.5,32.35798278994823,3.819999933242798,10874,3198,3040,565,509,44,40
kitti,day,000031,yaw,1.0,32.28111665210015,4.107900142669678,10930,3198,2959,565,468,44,29
kitti,day,000031,yaw,2.0,32.202372788369225,4.775000095367432,10831,3198,2720,565,375,44,7
kitti,day,000031,yaw,3.0,32.11982989231086,4.648600101470947,11256,3198,2469,565,287,44,0
kitti,day,000031,pitch,0.25,32.0609770735806,3.6935999393463135,10877,3198,3007,565,534,44,33
kitti,day,000031,pitch,0.5,31.645765067165332,3.819999933242798,10960,3198,2909,565,502,44,24
kitti,day,000031,pitch,1.0,30.934349939038004,5.603600025177002,10969,3198,2738,565,454,44,14
kitti,day,000031,pitch,2.0,29.478973088306148,5.189300060272217,10951,3198,2400,565,362,44,1
kitti,day,000031,pitch,3.0,27.936409407545348,4.648600101470947,10891,3198,1955,565,303,44,0
kitti,day,000031,roll,0.25,32.37305273260098,3.819999933242798,10948,3198,3057,565,539,44,43
kitti,day,000031,roll,0.5,32.3850490994156,4.107900142669678,11023,3198,3048,565,539,44,43
kitti,day,000031,roll,1.0,32.40274207369323,4.234300136566162,11047,3198,3036,565,539,44,43
kitti,day,000031,roll,2.0,32.413580352705274,4.775000095367432,11095,3198,2929,565,543,44,36
kitti,day,000031,roll,3.0,32.50274197970935,5.062900066375732,11044,3198,2824,565,537,44,35
kitti,day,000031,tx,0.02,32.416022439625095,3.6935999393463135,10986,3198,3080,565,540,44,43
kitti,day,000031,tx,0.05,32.504261847937265,3.6935999393463135,11031,3198,3104,565,541,44,43
kitti,day,000031,tx,0.1,32.65842532770345,3.6935999393463135,11185,3198,3128,565,547,44,43
kitti,day,000031,ty,0.02,32.3850490994156,3.6935999393463135,11051,3198,3060,565,538,44,43
kitti,day,000031,ty,0.05,32.378194032664396,3.6935999393463135,11187,3198,3057,565,538,44,44
kitti,day,000031,ty,0.1,32.379907799352196,3.6935999393463135,11196,3198,3039,565,529,44,44
kitti,day,000031,tz,0.02,32.674675669654334,3.819999933242798,11045,3198,3127,565,560,44,43
kitti,day,000031,tz,0.05,33.0677086011002,3.819999933242798,10975,3198,3123,565,560,44,43
kitti,day,000031,tz,0.1,33.84570566865447,3.819999933242798,11104,3198,3074,565,565,44,43
kitti,day,000032,none,0.0,32.73071509952416,3.6935999393463135,9757,4821,4597,753,752,278,266
kitti,day,000032,yaw,0.25,32.73351763424646,3.2792999744415283,9716,4821,4600,753,750,278,264
kitti,day,000032,yaw,0.5,32.7579561260914,3.2792999744415283,9653,4821,4594,753,739,278,254
kitti,day,000032,yaw,1.0,32.776603950766344,3.6935999393463135,9634,4821,4547,753,724,278,210
kitti,day,000032,yaw,2.0,32.833364126509565,2.865000009536743,9464,4821,4377,753,679,278,136
kitti,day,000032,yaw,3.0,32.919704342262555,2.865000009536743,9303,4821,4130,753,655,278,82
kitti,day,000032,pitch,0.25,32.4147179616126,3.6935999393463135,9730,4821,4509,753,749,278,251
kitti,day,000032,pitch,0.5,31.984769955886545,3.819999933242798,9791,4821,4432,753,746,278,232
kitti,day,000032,pitch,1.0,31.275816905665447,3.819999933242798,9655,4821,4289,753,746,278,189
kitti,day,000032,pitch,2.0,29.793177725796408,6.432199954986572,9805,4821,3922,753,732,278,144
kitti,day,000032,pitch,3.0,28.268640609719085,8.595000267028809,9770,4821,3443,753,606,278,52
kitti,day,000032,roll,0.25,32.72849124570663,3.2792999744415283,9787,4821,4605,753,752,278,266
kitti,day,000032,roll,0.5,32.73574157228068,2.865000009536743,9754,4821,4601,753,752,278,266
kitti,day,000032,roll,1.0,32.730684807560195,3.2792999744415283,9700,4821,4596,753,728,278,278
kitti,day,000032,roll,2.0,32.6927265720557,3.819999933242798,9798,4821,4541,753,655,278,278
kitti,day,000032,roll,3.0,32.77153244316373,4.234300136566162,9698,4821,4419,753,584,278,278
kitti,day,000032,tx,0.02,32.77084657323477,3.6935999393463135,9727,4821,4608,753,752,278,265
kitti,day,000032,tx,0.05,32.9290671293207,3.6935999393463135,9627,4821,4623,753,752,278,265
kitti,day,000032,tx,0.1,33.10841130814872,3.2792999744415283,9683,4821,4646,753,751,278,265
kitti,day,000032,ty,0.02,32.72903960860532,3.6935999393463135,9727,4821,4599,753,751,278,266
kitti,day,000032,ty,0.05,32.72066215401112,3.2792999744415283,9620,4821,4600,753,751,278,266
kitti,day,000032,ty,0.1,32.72401313584881,3.2792999744415283,9647,4821,4593,753,748,278,266
kitti,day,000032,tz,0.02,33.045153723716176,3.6935999393463135,9662,4821,4646,753,752,278,266
kitti,day,000032,tz,0.05,33.47909860098852,3.819999933242798,9712,4821,4673,753,752,278,266
kitti,day,000032,tz,0.1,34.14425735109324,3.819999933242798,9413,4821,4640,753,753,278,278
kitti,day,000043,none,0.0,32.821240711363444,1.909999966621399,7487,431,357,200,191,0,0
kitti,day,000043,yaw,0.25,32.85120171028677,1.909999966621399,7499,431,354,200,179,0,0
kitti,day,000043,yaw,0.5,32.88954964586396,1.909999966621399,7532,431,319,200,149,0,0
kitti,day,000043,yaw,1.0,32.93184096224524,1.909999966621399,7450,431,219,200,70,0,0
kitti,day,000043,yaw,2.0,33.02428919848986,1.909999966621399,7542,431,35,200,2,0,0
kitti,day,000043,yaw,3.0,33.06352014419707,1.909999966621399,7398,431,0,200,0,0,0
kitti,day,000043,pitch,0.25,32.52188732206108,1.909999966621399,7490,431,343,200,170,0,0
kitti,day,000043,pitch,0.5,32.09575232777787,1.909999966621399,7566,431,318,200,162,0,0
kitti,day,000043,pitch,1.0,31.40141881943515,1.909999966621399,7581,431,306,200,155,0,0
kitti,day,000043,pitch,2.0,29.919860510344364,2.738600015640259,7644,431,276,200,126,0,0
kitti,day,000043,pitch,3.0,28.425048713297052,3.2792999744415283,7549,431,236,200,79,0,0
kitti,day,000043,roll,0.25,32.82515404010887,1.909999966621399,7524,431,369,200,190,0,0
kitti,day,000043,roll,0.5,32.83295484905156,1.909999966621399,7561,431,372,200,181,0,0
kitti,day,000043,roll,1.0,32.81680498271745,1.909999966621399,7502,431,369,200,170,0,0
kitti,day,000043,roll,2.0,32.775031728007484,1.909999966621399,7533,431,367,200,171,0,0
kitti,day,000043,roll,3.0,32.84905565853414,1.909999966621399,7586,431,360,200,167,0,0
kitti,day,000043,tx,0.02,32.83977348434377,2.3243000507354736,7532,431,359,200,191,0,0
kitti,day,000043,tx,0.05,32.96827293243064,2.3243000507354736,7592,431,366,200,190,0,0
kitti,day,000043,tx,0.1,33.09156844968268,2.3243000507354736,7619,431,371,200,192,0,0
kitti,day,000043,ty,0.02,32.81790097687234,2.3243000507354736,7478,431,359,200,192,0,0
kitti,day,000043,ty,0.05,32.827920180345664,2.3243000507354736,7629,431,354,200,189,0,0
kitti,day,000043,ty,0.1,32.84795858729231,1.909999966621399,7572,431,335,200,179,0,0
kitti,day,000043,tz,0.02,33.159116335765695,1.909999966621399,7493,431,371,200,191,0,0
kitti,day,000043,tz,0.05,33.60494239438972,1.909999966621399,7324,431,367,200,190,0,0
kitti,day,000043,tz,0.1,34.29172510518934,1.909999966621399,7359,431,367,200,190,0,0
kitti,day,000048,none,0.0,33.267313437846184,1.3693000078201294,15505,0,0,477,354,42,42
kitti,day,000048,yaw,0.25,33.31149633810388,1.3693000078201294,15705,0,0,477,343,42,42
kitti,day,000048,yaw,0.5,33.34173556496606,1.3693000078201294,15665,0,0,477,286,42,38
kitti,day,000048,yaw,1.0,33.35405500764462,1.909999966621399,15683,0,0,477,155,42,19
kitti,day,000048,yaw,2.0,33.34675052410901,1.3693000078201294,15560,0,0,477,30,42,0
kitti,day,000048,yaw,3.0,33.29930378899451,1.3693000078201294,15695,0,0,477,0,42,0
kitti,day,000048,pitch,0.25,33.01310043668122,1.3693000078201294,15809,0,0,477,336,42,39
kitti,day,000048,pitch,0.5,32.56032802312294,1.3693000078201294,15847,0,0,477,327,42,34
kitti,day,000048,pitch,1.0,31.895029018420388,1.3693000078201294,15536,0,0,477,308,42,28
kitti,day,000048,pitch,2.0,30.57738356210583,1.3693000078201294,15477,0,0,477,265,42,14
kitti,day,000048,pitch,3.0,29.005002027849127,1.3693000078201294,15234,0,0,477,186,42,0
kitti,day,000048,roll,0.25,33.29081204471449,1.3693000078201294,15841,0,0,477,361,42,42
kitti,day,000048,roll,0.5,33.307037714630994,1.3693000078201294,15611,0,0,477,368,42,42
kitti,day,000048,roll,1.0,33.32102453925946,1.3693000078201294,15528,0,0,477,355,42,42
kitti,day,000048,roll,2.0,33.43068143672373,1.3693000078201294,15795,0,0,477,354,42,42
kitti,day,000048,roll,3.0,33.46704486329534,1.3693000078201294,15754,0,0,477,350,42,42
kitti,day,000048,tx,0.02,33.35005434328234,1.3693000078201294,15850,0,0,477,358,42,42
kitti,day,000048,tx,0.05,33.45868414922293,1.909999966621399,16163,0,0,477,360,42,42
kitti,day,000048,tx,0.1,33.61230789547533,1.909999966621399,16216,0,0,477,364,42,42
kitti,day,000048,ty,0.02,33.27794561933535,1.909999966621399,15484,0,0,477,352,42,42
kitti,day,000048,ty,0.05,33.32941709605411,1.909999966621399,15448,0,0,477,346,42,42
kitti,day,000048,ty,0.1,33.39375020978082,1.3693000078201294,15473,0,0,477,324,42,42
kitti,day,000048,tz,0.02,33.65504045117325,1.3693000078201294,15863,0,0,477,365,42,42
kitti,day,000048,tz,0.05,34.18265438004599,1.909999966621399,15800,0,0,477,380,42,42
kitti,day,000048,tz,0.1,34.893245602255945,1.909999966621399,15958,0,0,477,382,42,42
kitti,day,000049,none,0.0,33.61012037449844,2.3243000507354736,10080,4303,3578,1164,1071,506,495
kitti,day,000049,yaw,0.25,33.64157985627541,1.909999966621399,10147,4303,3579,1164,1062,506,487
kitti,day,000049,yaw,0.5,33.65939675174014,1.909999966621399,10167,4303,3553,1164,1044,506,468
kitti,day,000049,yaw,1.0,33.71924746743849,1.909999966621399,10120,4303,3473,1164,981,506,428
kitti,day,000049,yaw,2.0,33.77679779132465,2.3243000507354736,9998,4303,3220,1164,856,506,375
kitti,day,000049,yaw,3.0,33.74174085247358,2.738600015640259,10030,4303,2841,1164,705,506,319
kitti,day,000049,pitch,0.25,33.256526990616,1.909999966621399,10022,4303,3489,1164,1062,506,495
kitti,day,000049,pitch,0.5,32.83376719970249,1.909999966621399,10060,4303,3420,1164,1002,506,488
kitti,day,000049,pitch,1.0,32.089941180850275,2.865000009536743,10051,4303,3222,1164,903,506,458
kitti,day,000049,pitch,2.0,30.506388137648045,3.6935999393463135,9965,4303,2814,1164,649,506,354
kitti,day,000049,pitch,3.0,28.936742934051143,5.189300060272217,9948,4303,2309,1164,402,506,220
kitti,day,000049,roll,0.25,33.578540644969536,2.3243000507354736,10205,4303,3571,1164,1112,506,495
kitti,day,000049,roll,0.5,33.5711101203745,2.3243000507354736,10196,4303,3538,1164,1095,506,499
kitti,day,000049,roll,1.0,33.56864202117778,2.3243000507354736,10216,4303,3492,1164,1037,506,498
kitti,day,000049,roll,2.0,33.53149906180913,2.738600015640259,10107,4303,3394,1164,1016,506,497
kitti,day,000049,roll,3.0,33.62994612669515,2.738600015640259,10138,4303,3255,1164,975,506,481
kitti,day,000049,tx,0.02,33.608774595175454,2.3243000507354736,10188,4303,3589,1164,1071,506,495
kitti,day,000049,tx,0.05,33.70745034335081,2.3243000507354736,10273,4303,3597,1164,1072,506,495
kitti,day,000049,tx,0.1,33.814164326744844,2.3243000507354736,10451,4303,3613,1164,1077,506,495
kitti,day,000049,ty,0.02,33.611978005647195,2.3243000507354736,10034,4303,3572,1164,1071,506,494
kitti,day,000049,ty,0.05,33.62869668598603,1.909999966621399,10087,4303,3571,1164,1066,506,493
kitti,day,000049,ty,0.1,33.64913062862238,2.3243000507354736,10098,4303,3555,1164,1058,506,492
kitti,day,000049,tz,0.02,33.9234298664388,2.738600015640259,10275,4303,3613,1164,1083,506,494
kitti,day,000049,tz,0.05,34.3165480988911,2.738600015640259,10608,4303,3606,1164,1072,506,487
kitti,day,000049,tz,0.1,35.14607826749132,2.738600015640259,10777,4303,3571,1164,1039,506,466
kitti,day,000061,none,0.0,32.21925568977306,3.819999933242798,5210,0,0,1239,1216,136,133
kitti,day,000061,yaw,0.25,32.23227949076938,3.819999933242798,5417,0,0,1239,1214,136,130
kitti,day,000061,yaw,0.5,32.25087085327343,3.819999933242798,5335,0,0,1239,1211,136,120
kitti,day,000061,yaw,1.0,32.27408142999007,3.819999933242798,5456,0,0,1239,1182,136,98
kitti,day,000061,yaw,2.0,32.34135382411357,4.234300136566162,5165,0,0,1239,1050,136,57
kitti,day,000061,yaw,3.0,32.38980402369946,4.234300136566162,4992,0,0,1239,875,136,15
kitti,day,000061,pitch,0.25,31.904428410886172,4.107900142669678,5212,0,0,1239,1196,136,111
kitti,day,000061,pitch,0.5,31.50251805010023,4.775000095367432,5249,0,0,1239,1169,136,97
kitti,day,000061,pitch,1.0,30.800482965670277,6.558599948883057,5231,0,0,1239,1096,136,75
kitti,day,000061,pitch,2.0,29.340025176151318,10.125800132751465,5299,0,0,1239,963,136,0
kitti,day,000061,pitch,3.0,27.839931858015692,11.08080005645752,5293,0,0,1239,811,136,0
kitti,day,000061,roll,0.25,32.22140822140822,4.234300136566162,5181,0,0,1239,1205,136,117
kitti,day,000061,roll,0.5,32.22681687939568,4.648600101470947,5184,0,0,1239,1184,136,117
kitti,day,000061,roll,1.0,32.21972583113542,4.775000095367432,5132,0,0,1239,1139,136,104
kitti,day,000061,roll,2.0,32.193676532838396,3.6935999393463135,5324,0,0,1239,1058,136,91
kitti,day,000061,roll,3.0,32.23332899192498,3.6935999393463135,5252,0,0,1239,944,136,61
kitti,day,000061,tx,0.02,32.242914716588665,3.819999933242798,5281,0,0,1239,1216,136,133
kitti,day,000061,tx,0.05,32.336309282693584,3.819999933242798,5324,0,0,1239,1215,136,133
kitti,day,000061,tx,0.1,32.464389992095626,3.819999933242798,5303,0,0,1239,1213,136,134
kitti,day,000061,ty,0.02,32.2208836648976,3.819999933242798,5224,0,0,1239,1217,136,134
kitti,day,000061,ty,0.05,32.2290235405203,3.819999933242798,5276,0,0,1239,1217,136,133
kitti,day,000061,ty,0.1,32.23879139126754,3.819999933242798,5229,0,0,1239,1214,136,133
kitti,day,000061,tz,0.02,32.506348896268804,3.819999933242798,5176,0,0,1239,1220,136,126
kitti,day,000061,tz,0.05,32.85744518061502,3.819999933242798,5293,0,0,1239,1232,136,118
kitti,day,000061,tz,0.1,33.56883556626349,4.775000095367432,5242,0,0,1239,1236,136,116
nuscenes,day,scene-0103_000,none,0.0,29.103676972593387,15.279999732971191,2349,0,0,27,27,0,0
nuscenes,day,scene-0103_000,yaw,0.25,29.081334113516675,15.279999732971191,2381,0,0,27,26,0,0
nuscenes,day,scene-0103_000,yaw,0.5,28.989465470152165,16.235000610351562,2430,0,0,27,26,0,0
nuscenes,day,scene-0103_000,yaw,1.0,28.86829268292683,17.190000534057617,2507,0,0,27,16,0,0
nuscenes,day,scene-0103_000,yaw,2.0,28.63277056699522,18.145000457763672,2665,0,0,27,1,0,0
nuscenes,day,scene-0103_000,yaw,3.0,28.45981052837191,21.747299194335938,2451,0,0,27,0,0,0
nuscenes,day,scene-0103_000,pitch,0.25,29.151219512195123,15.441499710083008,2245,0,0,27,27,0,0
nuscenes,day,scene-0103_000,pitch,0.5,29.187396351575455,15.279999732971191,2385,0,0,27,27,0,0
nuscenes,day,scene-0103_000,pitch,1.0,29.21951219512195,17.190000534057617,2504,0,0,27,25,0,0
nuscenes,day,scene-0103_000,pitch,2.0,29.21260610791297,18.432899475097656,2583,0,0,27,23,0,0
nuscenes,day,scene-0103_000,pitch,3.0,29.236172080772608,17.190000534057617,3147,0,0,27,23,0,0
nuscenes,day,scene-0103_000,roll,0.25,29.295390312835007,16.235000610351562,2475,0,0,27,27,0,0
nuscenes,day,scene-0103_000,roll,0.5,29.45759080728406,14.216150283813477,2690,0,0,27,27,0,0
nuscenes,day,scene-0103_000,roll,1.0,30.352803965399943,13.8193998336792,2779,0,0,27,27,0,0
nuscenes,day,scene-0103_000,roll,2.0,31.296009298721426,9.550000190734863,3520,0,0,27,22,0,0
nuscenes,day,scene-0103_000,roll,3.0,32.39014968614196,5.730000019073486,4212,0,0,27,11,0,0
nuscenes,day,scene-0103_000,tx,0.02,29.12602419040187,14.324999809265137,2429,0,0,27,27,0,0
nuscenes,day,scene-0103_000,tx,0.05,29.128865476538873,13.692999839782715,2477,0,0,27,27,0,0
nuscenes,day,scene-0103_000,tx,0.1,29.167886059896595,12.990799903869629,2459,0,0,27,27,0,0
nuscenes,day,scene-0103_000,ty,0.02,29.145191092093746,13.784299850463867,2650,0,0,27,27,0,0
nuscenes,day,scene-0103_000,ty,0.05,29.170703352063555,15.279999732971191,2709,0,0,27,27,0,0
nuscenes,day,scene-0103_000,ty,0.1,29.13143735588009,16.235000610351562,2993,0,0,27,27,0,0
nuscenes,day,scene-0103_000,tz,0.02,29.27637994928808,17.84654998779297,3074,0,0,27,27,0,0
nuscenes,day,scene-0103_000,tz,0.05,29.475429017160685,18.59440040588379,4412,0,0,27,27,0,0
nuscenes,day,scene-0103_000,tz,0.1,30.46783625730994,17.190000534057617,7900,0,0,27,27,0,0
nuscenes,day,scene-0103_004,none,0.0,26.63535142658316,6.684999942779541,863,81,81,27,25,5,5
nuscenes,day,scene-0103_004,yaw,0.25,26.591858037578287,6.017899990081787,871,81,81,27,25,5,5
nuscenes,day,scene-0103_004,yaw,0.5,26.56685236768802,7.099299907684326,873,81,81,27,23,5,5
nuscenes,day,scene-0103_004,yaw,1.0,26.62020905923345,5.730000019073486,933,81,80,27,13,5,4
nuscenes,day,scene-0103_004,yaw,2.0,26.738201168978453,6.432199954986572,1064,81,69,27,0,5,1
nuscenes,day,scene-0103_004,yaw,3.0,26.85249912617966,10.441800117492676,914,81,58,27,0,5,0
nuscenes,day,scene-0103_004,pitch,0.25,26.648112715254825,6.4953999519348145,832,81,81,27,25,5,5
nuscenes,day,scene-0103_004,pitch,0.5,26.660869565217393,6.972899913787842,899,81,81,27,24,5,5
nuscenes,day,scene-0103_004,pitch,1.0,26.656809879979125,7.801499843597412,872,81,81,27,23,5,5
nuscenes,day,scene-0103_004,pitch,2.0,26.610449447970094,9.009300231933594,895,81,81,27,23,5,5
nuscenes,day,scene-0103_004,pitch,3.0,26.682316118935837,7.801499843597412,896,81,79,27,23,5,0
nuscenes,day,scene-0103_004,roll,0.25,26.79471580045194,7.639999866485596,890,81,81,27,27,5,5
nuscenes,day,scene-0103_004,roll,0.5,26.90637484801112,8.595000267028809,845,81,81,27,27,5,5
nuscenes,day,scene-0103_004,roll,1.0,27.69444203589699,10.505000114440918,902,81,81,27,27,5,5
nuscenes,day,scene-0103_004,roll,2.0,28.531927762896398,10.505000114440918,966,81,75,27,17,5,0
nuscenes,day,scene-0103_004,roll,3.0,29.48784273150543,8.595000267028809,1051,81,71,27,15,5,0
nuscenes,day,scene-0103_004,tx,0.02,26.609255393180238,6.684999942779541,861,81,81,27,25,5,5
nuscenes,day,scene-0103_004,tx,0.05,26.583159359777312,6.432199954986572,847,81,81,27,25,5,5
nuscenes,day,scene-0103_004,tx,0.1,26.57446068197634,7.639999866485596,824,81,81,27,25,5,5
nuscenes,day,scene-0103_004,ty,0.02,26.617519514310494,6.972899913787842,829,81,81,27,25,5,5
nuscenes,day,scene-0103_004,ty,0.05,26.627474712544306,6.684999942779541,851,81,81,27,25,5,5
nuscenes,day,scene-0103_004,ty,0.1,26.678111587982833,7.801499843597412,790,81,81,27,25,5,5
nuscenes,day,scene-0103_004,tz,0.02,26.769873021395025,7.387199878692627,981,81,81,27,25,5,5
nuscenes,day,scene-0103_004,tz,0.05,26.94548300147813,7.099299907684326,1306,81,81,27,25,5,5
nuscenes,day,scene-0103_004,tz,0.1,27.80674313521029,10.505000114440918,2515,81,81,27,27,5,5
nuscenes,day,scene-0103_008,none,0.0,24.149715215622457,7.801499843597412,502,0,0,59,59,12,12
nuscenes,day,scene-0103_008,yaw,0.25,24.14802765351769,10.54010009765625,579,0,0,59,59,12,12
nuscenes,day,scene-0103_008,yaw,0.5,24.136529865908166,7.801499843597412,625,0,0,59,59,12,12
nuscenes,day,scene-0103_008,yaw,1.0,24.113590263691684,7.387199878692627,528,0,0,59,58,12,12
nuscenes,day,scene-0103_008,yaw,2.0,24.062702003878474,7.801499843597412,603,0,0,59,49,12,9
nuscenes,day,scene-0103_008,yaw,3.0,24.026759087611833,9.585100173950195,512,0,0,59,44,12,6
nuscenes,day,scene-0103_008,pitch,0.25,24.180027671522748,7.801499843597412,461,0,0,59,59,12,12
nuscenes,day,scene-0103_008,pitch,0.5,24.20444372100594,7.639999866485596,477,0,0,59,59,12,12
nuscenes,day,scene-0103_008,pitch,1.0,24.194073591663955,5.333250045776367,466,0,0,59,59,12,12
nuscenes,day,scene-0103_008,pitch,2.0,24.220467312545797,3.2792999744415283,481,0,0,59,59,12,12
nuscenes,day,scene-0103_008,pitch,3.0,24.236998453650198,20.332351684570312,904,0,0,59,56,12,12
nuscenes,day,scene-0103_008,roll,0.25,24.29663359895918,10.378600120544434,649,0,0,59,59,12,12
nuscenes,day,scene-0103_008,roll,0.5,24.394604258085486,6.684999942779541,635,0,0,59,59,12,12
nuscenes,day,scene-0103_008,roll,1.0,25.158202174265778,5.062900066375732,859,0,0,59,59,12,12
nuscenes,day,scene-0103_008,roll,2.0,26.001132594450286,15.153599739074707,1473,0,0,59,57,12,12
nuscenes,day,scene-0103_008,roll,3.0,26.846774193548388,8.595000267028809,2261,0,0,59,47,12,0
nuscenes,day,scene-0103_008,tx,0.02,24.127268288713484,8.054300308227539,499,0,0,59,59,12,12
nuscenes,day,scene-0103_008,tx,0.05,24.125020348363993,9.17080020904541,525,0,0,59,59,12,12
nuscenes,day,scene-0103_008,tx,0.1,24.15140415140415,9.585100173950195,552,0,0,59,59,12,12
nuscenes,day,scene-0103_008,ty,0.02,24.16619329708675,9.585100173950195,584,0,0,59,59,12,12
nuscenes,day,scene-0103_008,ty,0.05,24.195374413715026,10.747249603271484,698,0,0,59,59,12,12
nuscenes,day,scene-0103_008,ty,0.1,24.235615119171815,12.829299926757812,870,0,0,59,59,12,12
nuscenes,day,scene-0103_008,tz,0.02,24.26781646599414,17.386600494384766,1047,0,0,59,59,12,12
nuscenes,day,scene-0103_008,tz,0.05,24.406310995445672,23.9908504486084,3004,0,0,59,59,12,12
nuscenes,day,scene-0103_008,tz,0.1,25.286608667371333,31.0093994140625,5718,0,0,59,59,12,12
nuscenes,day,scene-0103_012,none,0.0,24.28697678155379,12.829299926757812,819,0,0,152,152,0,0
nuscenes,day,scene-0103_012,yaw,0.25,24.25118445354533,10.125800132751465,741,0,0,152,152,0,0
nuscenes,day,scene-0103_012,yaw,0.5,24.20545746388443,9.550000190734863,757,0,0,152,152,0,0
nuscenes,day,scene-0103_012,yaw,1.0,24.227837946249497,17.063600540161133,895,0,0,152,149,0,0
nuscenes,day,scene-0103_012,yaw,2.0,24.17855425548966,26.81020164489746,889,0,0,152,134,0,0
nuscenes,day,scene-0103_012,yaw,3.0,24.12523020257827,31.26219940185547,817,0,0,152,119,0,0
nuscenes,day,scene-0103_012,pitch,0.25,24.306950582563278,10.045049667358398,816,0,0,152,152,0,0
nuscenes,day,scene-0103_012,pitch,0.5,24.33105664925673,14.233699798583984,994,0,0,152,148,0,0
nuscenes,day,scene-0103_012,pitch,1.0,24.333011893281903,10.856100082397461,850,0,0,152,148,0,0
nuscenes,day,scene-0103_012,pitch,2.0,24.323021293692246,14.198599815368652,894,0,0,152,148,0,0
nuscenes,day,scene-0103_012,pitch,3.0,24.30304491042018,21.96500015258789,1044,0,0,152,143,0,0
nuscenes,day,scene-0103_012,roll,0.25,24.43409857119923,11.874300003051758,957,0,0,152,152,0,0
nuscenes,day,scene-0103_012,roll,0.5,24.536777091521618,13.324350357055664,976,0,0,152,152,0,0
nuscenes,day,scene-0103_012,roll,1.0,25.298501482490583,16.235000610351562,1046,0,0,152,145,0,0
nuscenes,day,scene-0103_012,roll,2.0,26.15470672846412,8.595000267028809,1605,0,0,152,131,0,0
nuscenes,day,scene-0103_012,roll,3.0,26.985645933014354,7.639999866485596,2363,0,0,152,111,0,0
nuscenes,day,scene-0103_012,tx,0.02,24.270908652687396,13.369999885559082,840,0,0,152,151,0,0
nuscenes,day,scene-0103_012,tx,0.05,24.2628745882542,13.369999885559082,852,0,0,152,149,0,0
nuscenes,day,scene-0103_012,tx,0.1,24.25678932990519,16.43160057067871,845,0,0,152,149,0,0
nuscenes,day,scene-0103_012,ty,0.02,24.30310797821211,13.945799827575684,837,0,0,152,152,0,0
nuscenes,day,scene-0103_012,ty,0.05,24.29004467134652,13.531499862670898,861,0,0,152,152,0,0
nuscenes,day,scene-0103_012,ty,0.1,24.310618066561013,17.126800537109375,950,0,0,152,152,0,0
nuscenes,day,scene-0103_012,tz,0.02,24.43158994135133,24.70359992980957,1472,0,0,152,152,0,0
nuscenes,day,scene-0103_012,tz,0.05,24.566334725345325,34.071006774902344,2671,0,0,152,152,0,0
nuscenes,day,scene-0103_012,tz,0.1,25.41951023685267,40.882408142089844,4670,0,0,152,152,0,0
nuscenes,day,scene-0103_016,none,0.0,23.685689060117184,21.873699188232422,853,165,165,10,10,7,7
nuscenes,day,scene-0103_016,yaw,0.25,23.64891993897053,18.882299423217773,835,165,165,10,9,7,7
nuscenes,day,scene-0103_016,yaw,0.5,23.62862420689101,22.16160011291504,885,165,163,10,8,7,6
nuscenes,day,scene-0103_016,yaw,1.0,23.625843780135003,22.990201950073242,927,165,161,10,5,7,5
nuscenes,day,scene-0103_016,yaw,2.0,23.651585895990983,33.42500305175781,1053,165,157,10,4,7,2
nuscenes,day,scene-0103_016,yaw,3.0,23.64075714861055,31.550098419189453,1064,165,151,10,4,7,0
nuscenes,day,scene-0103_016,pitch,0.25,23.697519466966366,22.765499114990234,870,165,165,10,10,7,7
nuscenes,day,scene-0103_016,pitch,0.5,23.71547848426461,22.57590103149414,927,165,165,10,10,7,7
nuscenes,day,scene-0103_016,pitch,1.0,23.753712771935458,22.81114959716797,952,165,165,10,10,7,7
nuscenes,day,scene-0103_016,pitch,2.0,23.72582069186933,27.27014923095703,934,165,165,10,8,7,7
nuscenes,day,scene-0103_016,pitch,3.0,23.739967897271267,33.42500305175781,898,165,157,10,8,7,7
nuscenes,day,scene-0103_016,roll,0.25,23.84121892542101,19.135099411010742,880,165,165,10,10,7,7
nuscenes,day,scene-0103_016,roll,0.5,23.948064438566963,19.135101318359375,907,165,165,10,10,7,7
nuscenes,day,scene-0103_016,roll,1.0,24.77181745396317,16.235000610351562,916,165,160,10,10,7,7
nuscenes,day,scene-0103_016,roll,2.0,25.67869690194826,30.170255661010742,1164,165,144,10,2,7,1
nuscenes,day,scene-0103_016,roll,3.0,26.48605577689243,20.88360023498535,1647,165,125,10,2,7,0
nuscenes,day,scene-0103_016,tx,0.02,23.68759030341949,21.603351593017578,836,165,165,10,10,7,7
nuscenes,day,scene-0103_016,tx,0.05,23.695617274040778,22.87434959411621,838,165,165,10,10,7,7
nuscenes,day,scene-0103_016,tx,0.1,23.695198329853863,24.05405044555664,784,165,165,10,10,7,7
nuscenes,day,scene-0103_016,ty,0.02,23.701272712719124,21.873699188232422,861,165,165,10,10,7,7
nuscenes,day,scene-0103_016,ty,0.05,23.760874770532364,19.83730125427246,930,165,165,10,10,7,7
nuscenes,day,scene-0103_016,ty,0.1,23.780439438407235,18.145000457763672,831,165,165,10,10,7,7
nuscenes,day,scene-0103_016,tz,0.02,23.820603337612322,23.369400024414062,929,165,165,10,10,7,7
nuscenes,day,scene-0103_016,tz,0.05,23.951231250501323,32.448909759521484,1767,165,165,10,10,7,7
nuscenes,day,scene-0103_016,tz,0.1,24.805517683855964,37.11860656738281,4343,165,165,10,10,7,7
nuscenes,day,scene-0103_020,none,0.0,24.316851008458034,12.414999961853027,1047,128,128,58,51,24,24
nuscenes,day,scene-0103_020,yaw,0.25,24.282345287468488,11.495100021362305,1086,128,128,58,51,24,24
nuscenes,day,scene-0103_020,yaw,0.5,24.24390243902439,10.505000114440918,914,128,128,58,51,24,23
nuscenes,day,scene-0103_020,yaw,1.0,24.156983830340458,11.270400047302246,988,128,128,58,50,24,21
nuscenes,day,scene-0103_020,yaw,2.0,24.076329679252943,17.190000534057617,955,128,124,58,42,24,16
nuscenes,day,scene-0103_020,yaw,3.0,24.027924344508484,16.558000564575195,1025,128,115,58,35,24,8
nuscenes,day,scene-0103_020,pitch,0.25,24.359495729971535,10.505000114440918,976,128,128,58,51,24,24
nuscenes,day,scene-0103_020,pitch,0.5,24.386079037241828,10.792900085449219,991,128,128,58,51,24,24
nuscenes,day,scene-0103_020,pitch,1.0,24.383895892639284,8.34220027923584,871,128,128,58,51,24,24
nuscenes,day,scene-0103_020,pitch,2.0,24.330920035792726,10.315400123596191,1146,128,128,58,48,24,16
nuscenes,day,scene-0103_020,pitch,3.0,24.33509556730378,9.550000190734863,920,128,118,58,45,24,16
nuscenes,day,scene-0103_020,roll,0.25,24.51219512195122,9.550000190734863,1074,128,128,58,55,24,24
nuscenes,day,scene-0103_020,roll,0.5,24.60401267159451,9.550000190734863,884,128,128,58,58,24,24
nuscenes,day,scene-0103_020,roll,1.0,25.452332657200813,11.460000038146973,1064,128,117,58,55,24,15
nuscenes,day,scene-0103_020,roll,2.0,26.410816937899764,7.639999866485596,1744,128,114,58,45,24,15
nuscenes,day,scene-0103_020,roll,3.0,27.194895404248445,6.9096999168396,1906,128,97,58,35,24,0
nuscenes,day,scene-0103_020,tx,0.02,24.341249186727392,11.460000038146973,1046,128,128,58,51,24,24
nuscenes,day,scene-0103_020,tx,0.05,24.341249186727392,10.505000114440918,1028,128,128,58,51,24,24
nuscenes,day,scene-0103_020,tx,0.1,24.349381912817176,10.856100082397461,990,128,128,58,51,24,24
nuscenes,day,scene-0103_020,ty,0.02,24.35304615883832,12.432550430297852,1064,128,128,58,51,24,24
nuscenes,day,scene-0103_020,ty,0.05,24.381168095777383,11.460000038146973,1034,128,128,58,51,24,24
nuscenes,day,scene-0103_020,ty,0.1,24.36678422571337,10.378600120544434,1104,128,128,58,51,24,24
nuscenes,day,scene-0103_020,tz,0.02,24.461250711555664,16.25255012512207,1650,128,128,58,51,24,24
nuscenes,day,scene-0103_020,tz,0.05,24.61988779575575,16.558000564575195,2313,128,128,58,55,24,24
nuscenes,day,scene-0103_020,tz,0.1,25.497846053808015,23.334299087524414,4651,128,128,58,58,24,24
nuscenes,day,scene-0103_024,none,0.0,24.550898203592816,34.071006774902344,1173,0,0,37,37,49,48
nuscenes,day,scene-0103_024,yaw,0.25,24.52186928321969,45.657432556152344,1247,0,0,37,37,49,48
nuscenes,day,scene-0103_024,yaw,0.5,24.526105753242433,31.458803176879883,1311,0,0,37,37,49,47
nuscenes,day,scene-0103_024,yaw,1.0,24.567243675099867,31.458803176879883,1183,0,0,37,31,49,46
nuscenes,day,scene-0103_024,yaw,2.0,24.64589235127479,48.17133331298828,1464,0,0,37,27,49,38
nuscenes,day,scene-0103_024,yaw,3.0,24.672397963442116,47.92551803588867,1406,0,0,37,19,49,27
nuscenes,day,scene-0103_024,pitch,0.25,24.56753160345975,21.010000228881836,1405,0,0,37,37,49,48
nuscenes,day,scene-0103_024,pitch,0.5,24.598752598752597,28.990550994873047,1326,0,0,37,37,49,48
nuscenes,day,scene-0103_024,pitch,1.0,24.623700623700625,24.233104705810547,1479,0,0,37,35,49,47
nuscenes,day,scene-0103_024,pitch,2.0,24.584303292317927,33.403907775878906,1159,0,0,37,29,49,42
nuscenes,day,scene-0103_024,pitch,3.0,24.559361489857,33.656707763671875,1605,0,0,37,27,49,42
nuscenes,day,scene-0103_024,roll,0.25,24.700797872340427,27.350902557373047,1632,0,0,37,37,49,47
nuscenes,day,scene-0103_024,roll,0.5,24.827643491984386,25.78499984741211,1564,0,0,37,37,49,47
nuscenes,day,scene-0103_024,roll,1.0,25.655492864254896,27.38600730895996,2151,0,0,37,37,49,41
nuscenes,day,scene-0103_024,roll,2.0,26.649011007200198,19.135099411010742,2847,0,0,37,34,49,32
nuscenes,day,scene-0103_024,roll,3.0,27.487603305785125,11.460000038146973,3704,0,0,37,29,49,3
nuscenes,day,scene-0103_024,tx,0.02,24.534264803725883,33.540855407714844,1176,0,0,37,37,49,48
nuscenes,day,scene-0103_024,tx,0.05,24.609115103127078,31.873104095458984,1162,0,0,37,36,49,47
nuscenes,day,scene-0103_024,tx,0.1,24.58416500332668,31.514999389648438,1191,0,0,37,35,49,47
nuscenes,day,scene-0103_024,ty,0.02,24.57057505601195,35.27880859375,1191,0,0,37,37,49,48
nuscenes,day,scene-0103_024,ty,0.05,24.60100884809394,39.709712982177734,1407,0,0,37,37,49,48
nuscenes,day,scene-0103_024,ty,0.1,24.612482571967522,37.24501037597656,1394,0,0,37,37,49,48
nuscenes,day,scene-0103_024,tz,0.02,24.686122890163798,35.693111419677734,2165,0,0,37,37,49,48
nuscenes,day,scene-0103_024,tz,0.05,24.842035251080812,34.3800048828125,4266,0,0,37,37,49,48
nuscenes,day,scene-0103_024,tz,0.1,25.702177164700018,33.62160110473633,6273,0,0,37,37,49,48
nuscenes,day,scene-0103_028,none,0.0,23.646530543082267,31.50445556640625,1278,0,0,119,119,28,28
nuscenes,day,scene-0103_028,yaw,0.25,23.68242670733774,33.17219924926758,1336,0,0,119,118,28,28
nuscenes,day,scene-0103_028,yaw,0.5,23.688892654409894,37.20635223388672,1230,0,0,119,115,28,27
nuscenes,day,scene-0103_028,yaw,1.0,23.74576271186441,44.88502502441406,1345,0,0,119,107,28,25
nuscenes,day,scene-0103_028,yaw,2.0,23.8305458867476,50.0,1293,0,0,119,94,28,19
nuscenes,day,scene-0103_028,yaw,3.0,23.960900977475564,50.0,1150,0,0,119,79,28,15
nuscenes,day,scene-0103_028,pitch,0.25,23.646530543082267,34.271148681640625,1270,0,0,119,119,28,28
nuscenes,day,scene-0103_028,pitch,0.5,23.661470687902405,27.154298782348633,1187,0,0,119,117,28,28
nuscenes,day,scene-0103_028,pitch,1.0,23.70138123887806,23.495800018310547,1274,0,0,119,117,28,28
nuscenes,day,scene-0103_028,pitch,2.0,23.6784140969163,18.180099487304688,1194,0,0,119,115,28,28
nuscenes,day,scene-0103_028,pitch,3.0,23.663475387613317,27.38600730895996,1706,0,0,119,102,28,28
nuscenes,day,scene-0103_028,roll,0.25,23.80186282811177,31.49390983581543,1348,0,0,119,119,28,28
nuscenes,day,scene-0103_028,roll,0.5,23.917089678510997,28.72020149230957,1588,0,0,119,117,28,28
nuscenes,day,scene-0103_028,roll,1.0,24.727457111467928,23.278104782104492,1693,0,0,119,110,28,28
nuscenes,day,scene-0103_028,roll,2.0,25.602765132355422,14.324999809265137,2253,0,0,119,100,28,12
nuscenes,day,scene-0103_028,roll,3.0,26.50025214321735,9.550000190734863,2645,0,0,119,81,28,4
nuscenes,day,scene-0103_028,tx,0.02,23.655002965347794,31.514999389648438,1278,0,0,119,119,28,28
nuscenes,day,scene-0103_028,tx,0.05,23.614641586171835,31.135799407958984,1245,0,0,119,119,28,28
nuscenes,day,scene-0103_028,tx,0.1,23.580749025588883,32.448909759521484,1254,0,0,119,119,28,28
nuscenes,day,scene-0103_028,ty,0.02,23.654187441899772,31.49390983581543,1253,0,0,119,119,28,28
nuscenes,day,scene-0103_028,ty,0.05,23.689974726200507,32.470001220703125,1339,0,0,119,119,28,28
nuscenes,day,scene-0103_028,ty,0.1,23.742151527835915,35.1875114440918,1781,0,0,119,119,28,28
nuscenes,day,scene-0103_028,tz,0.02,23.778060144006776,32.470001220703125,2025,0,0,119,119,28,28
nuscenes,day,scene-0103_028,tz,0.05,23.936981196002034,33.81821060180664,2889,0,0,119,119,28,28
nuscenes,day,scene-0103_028,tz,0.1,24.803116267253788,38.48790740966797,4927,0,0,119,119,28,28
nuscenes,day,scene-0103_032,none,0.0,24.379135516026466,6.432199954986572,700,133,133,147,143,15,15
nuscenes,day,scene-0103_032,yaw,0.25,24.404710736697325,5.730000019073486,653,133,133,147,143,15,15
nuscenes,day,scene-0103_032,yaw,0.5,24.40680880330124,5.730000019073486,600,133,133,147,142,15,15
nuscenes,day,scene-0103_032,yaw,1.0,24.315039079275103,5.189300060272217,616,133,131,147,138,15,15
nuscenes,day,scene-0103_032,yaw,2.0,24.269257221458048,4.234300136566162,692,133,123,147,122,15,11
nuscenes,day,scene-0103_032,yaw,3.0,24.249978509412877,6.558599948883057,592,133,111,147,92,15,8
nuscenes,day,scene-0103_032,pitch,0.25,24.40491535619146,5.603600025177002,726,133,133,147,143,15,15
nuscenes,day,scene-0103_032,pitch,0.5,24.467170849089033,5.477200031280518,803,133,133,147,143,15,15
nuscenes,day,scene-0103_032,pitch,1.0,24.477868500214868,5.062900066375732,748,133,133,147,137,15,15
nuscenes,day,scene-0103_032,pitch,2.0,24.43069519635645,6.684999942779541,688,133,120,147,137,15,15
nuscenes,day,scene-0103_032,pitch,3.0,24.447691910943007,11.460000038146973,796,133,120,147,133,15,15
nuscenes,day,scene-0103_032,roll,0.25,24.574815323827522,3.6936001777648926,686,133,133,147,147,15,15
nuscenes,day,scene-0103_032,roll,0.5,24.731736629753627,10.54010009765625,922,133,133,147,146,15,15
nuscenes,day,scene-0103_032,roll,1.0,25.55727023319616,14.739299774169922,939,133,133,147,137,15,13
nuscenes,day,scene-0103_032,roll,2.0,26.329287057616686,19.100000381469727,1154,133,123,147,121,15,5
nuscenes,day,scene-0103_032,roll,3.0,27.313788989261973,7.639999866485596,1752,133,122,147,91,15,2
nuscenes,day,scene-0103_032,tx,0.02,24.422101916301454,6.432199954986572,719,133,133,147,143,15,15
nuscenes,day,scene-0103_032,tx,0.05,24.40491535619146,5.730000019073486,666,133,133,147,142,15,15
nuscenes,day,scene-0103_032,tx,0.1,24.409110442629995,5.603600025177002,652,133,133,147,142,15,15
nuscenes,day,scene-0103_032,ty,0.02,24.466352336048008,5.730000019073486,715,133,133,147,143,15,15
nuscenes,day,scene-0103_032,ty,0.05,24.47898872565767,5.730000019073486,771,133,133,147,143,15,15
nuscenes,day,scene-0103_032,ty,0.1,24.50938747769943,9.550000190734863,963,133,133,147,143,15,15
nuscenes,day,scene-0103_032,tz,0.02,24.53170647877642,18.4960994720459,1164,133,133,147,143,15,15
nuscenes,day,scene-0103_032,tz,0.05,24.71437161755863,27.93724822998047,2312,133,133,147,147,15,15
nuscenes,day,scene-0103_032,tz,0.1,25.5668155273102,34.57660675048828,4672,133,133,147,147,15,15
nuscenes,day,scene-0103_036,none,0.0,23.95440521083305,13.387550354003906,384,44,44,142,142,0,0
nuscenes,day,scene-0103_036,yaw,0.25,23.994856408058293,15.694299697875977,373,44,44,142,141,0,0
nuscenes,day,scene-0103_036,yaw,0.5,24.045965183088928,20.72909927368164,474,44,44,142,138,0,0
nuscenes,day,scene-0103_036,yaw,1.0,23.96672954896244,26.936599731445312,551,44,42,142,130,0,0
nuscenes,day,scene-0103_036,yaw,2.0,23.977009522175518,19.928600311279297,667,44,36,142,116,0,0
nuscenes,day,scene-0103_036,yaw,3.0,23.930596117505583,22.920000076293945,712,44,31,142,95,0,0
nuscenes,day,scene-0103_036,pitch,0.25,24.00377067443654,13.053999900817871,390,44,44,142,141,0,0
nuscenes,day,scene-0103_036,pitch,0.5,24.05074140738836,36.900901794433594,653,44,44,142,141,0,0
nuscenes,day,scene-0103_036,pitch,1.0,24.06582104902297,13.369999885559082,361,44,44,142,141,0,0
nuscenes,day,scene-0103_036,pitch,2.0,23.98217193794463,19.928600311279297,436,44,44,142,134,0,0
nuscenes,day,scene-0103_036,pitch,3.0,24.014398354473773,28.846603393554688,714,44,44,142,134,0,0
nuscenes,day,scene-0103_036,roll,0.25,24.168951336531872,15.125499725341797,596,44,44,142,142,0,0
nuscenes,day,scene-0103_036,roll,0.5,24.298185552892846,10.954400062561035,491,44,44,142,142,0,0
nuscenes,day,scene-0103_036,roll,1.0,25.126057601914365,13.692999839782715,777,44,44,142,140,0,0
nuscenes,day,scene-0103_036,roll,2.0,25.986870150908008,7.639999866485596,1301,44,39,142,126,0,0
nuscenes,day,scene-0103_036,roll,3.0,26.868463566023298,7.099299907684326,1673,44,39,142,109,0,0
nuscenes,day,scene-0103_036,tx,0.02,23.95440521083305,12.864399909973145,387,44,44,142,142,0,0
nuscenes,day,scene-0103_036,tx,0.05,23.930744835861834,12.84684944152832,384,44,44,142,142,0,0
nuscenes,day,scene-0103_036,tx,0.1,23.905031284820435,13.27869987487793,375,44,44,142,142,0,0
nuscenes,day,scene-0103_036,ty,0.02,24.025641025641026,14.279350280761719,420,44,44,142,142,0,0
nuscenes,day,scene-0103_036,ty,0.05,24.04632152588556,15.153599739074707,497,44,44,142,142,0,0
nuscenes,day,scene-0103_036,ty,0.1,24.021638069478488,16.235000610351562,611,44,44,142,142,0,0
nuscenes,day,scene-0103_036,tz,0.02,24.117243743572164,26.107999801635742,987,44,44,142,142,0,0
nuscenes,day,scene-0103_036,tz,0.05,24.28032899246059,34.3800048828125,2581,44,44,142,142,0,0
nuscenes,day,scene-0103_036,tz,0.1,25.203460978326053,33.81821060180664,4528,44,44,142,142,0,0
nuscenes,night,scene-1094_000,none,0.0,32.68256745556681,14.774399757385254,1947,519,511,109,108,0,0
nuscenes,night,scene-1094_000,yaw,0.25,32.7926267281106,13.369999885559082,1891,519,508,109,108,0,0
nuscenes,night,scene-1094_000,yaw,0.5,32.816966343937295,12.36935043334961,1838,519,504,109,106,0,0
nuscenes,night,scene-1094_000,yaw,1.0,32.97616848328099,10.378600120544434,1904,519,496,109,96,0,0
nuscenes,night,scene-1094_000,yaw,2.0,33.27458256029685,9.585100173950195,1709,519,459,109,84,0,0
nuscenes,night,scene-1094_000,yaw,3.0,33.52902804957599,8.595000267028809,1610,519,428,109,78,0,0
nuscenes,night,scene-1094_000,pitch,0.25,32.68256745556681,14.216150283813477,1986,519,510,109,108,0,0
nuscenes,night,scene-1094_000,pitch,0.5,32.68876611418048,13.531499862670898,1943,519,509,109,108,0,0
nuscenes,night,scene-1094_000,pitch,1.0,32.658134610072736,13.27869987487793,1880,519,508,109,108,0,0
nuscenes,night,scene-1094_000,pitch,2.0,32.67955801104972,13.801849365234375,1930,519,506,109,108,0,0
nuscenes,night,scene-1094_000,pitch,3.0,32.701160007365125,15.567899703979492,1945,519,500,109,97,0,0
nuscenes,night,scene-1094_000,roll,0.25,33.00193316763325,9.964300155639648,1513,519,511,109,109,0,0
nuscenes,night,scene-1094_000,roll,0.5,33.21681538036979,7.801499843597412,1430,519,511,109,109,0,0
nuscenes,night,scene-1094_000,roll,1.0,33.49875930521092,6.432199954986572,1519,519,482,109,109,0,0
nuscenes,night,scene-1094_000,roll,2.0,34.79258443465492,7.513599872589111,1436,519,471,109,78,0,0
nuscenes,night,scene-1094_000,roll,3.0,36.1019435276861,6.684999942779541,1876,519,459,109,36,0,0
nuscenes,night,scene-1094_000,tx,0.02,32.69177640666728,13.784299850463867,1975,519,511,109,108,0,0
nuscenes,night,scene-1094_000,tx,0.05,32.71019430886822,11.621500015258789,1995,519,512,109,108,0,0
nuscenes,night,scene-1094_000,tx,0.1,32.75623906437057,9.423600196838379,1975,519,511,109,108,0,0
nuscenes,night,scene-1094_000,ty,0.02,32.7389705882353,15.153599739074707,1934,519,511,109,108,0,0
nuscenes,night,scene-1094_000,ty,0.05,32.81092475483457,15.279999732971191,1887,519,511,109,108,0,0
nuscenes,night,scene-1094_000,ty,0.1,32.925827935407355,14.486499786376953,1795,519,512,109,108,0,0
nuscenes,night,scene-1094_000,tz,0.02,32.940418086379964,9.009300231933594,1429,519,511,109,108,0,0
nuscenes,night,scene-1094_000,tz,0.05,33.20441988950276,12.288599967956543,2037,519,511,109,109,0,0
nuscenes,night,scene-1094_000,tz,0.1,33.554327808471456,11.460000038146973,7382,519,482,109,109,0,0
nuscenes,night,scene-1094_004,none,0.0,29.98917658812755,9.297200202941895,2338,452,433,131,126,5,5
nuscenes,night,scene-1094_004,yaw,0.25,29.962515618492294,8.595000267028809,2367,452,432,131,126,5,3
nuscenes,night,scene-1094_004,yaw,0.5,29.98916756936922,8.595000267028809,2428,452,431,131,125,5,3
nuscenes,night,scene-1094_004,yaw,1.0,29.926703315009163,7.639999866485596,2416,452,424,131,110,5,0
nuscenes,night,scene-1094_004,yaw,2.0,29.662359316381824,5.730000019073486,2160,452,403,131,96,5,0
nuscenes,night,scene-1094_004,yaw,3.0,29.49381891079185,5.730000019073486,1786,452,377,131,91,5,0
nuscenes,night,scene-1094_004,pitch,0.25,29.96669442131557,8.595000267028809,2570,452,432,131,126,5,5
nuscenes,night,scene-1094_004,pitch,0.5,29.969189774335916,8.468600273132324,2571,452,432,131,127,5,5
nuscenes,night,scene-1094_004,pitch,1.0,29.960862686318595,8.215800285339355,2474,452,430,131,128,5,5
nuscenes,night,scene-1094_004,pitch,2.0,29.955029980013325,7.639999866485596,2520,452,425,131,119,5,2
nuscenes,night,scene-1094_004,pitch,3.0,29.952535598301274,6.684999942779541,2765,452,425,131,99,5,2
nuscenes,night,scene-1094_004,roll,0.25,30.25965379494008,6.1442999839782715,2586,452,429,131,130,5,5
nuscenes,night,scene-1094_004,roll,0.5,30.465890183028286,4.648600101470947,2711,452,429,131,130,5,5
nuscenes,night,scene-1094_004,roll,1.0,30.71363296502451,6.558599948883057,2829,452,428,131,129,5,3
nuscenes,night,scene-1094_004,roll,2.0,31.867949568679496,7.639999866485596,2929,452,398,131,91,5,3
nuscenes,night,scene-1094_004,roll,3.0,32.9997518815648,7.639999866485596,3027,452,380,131,42,5,0
nuscenes,night,scene-1094_004,tx,0.02,29.955873782366165,9.550000190734863,2337,452,434,131,126,5,5
nuscenes,night,scene-1094_004,tx,0.05,29.93338884263114,9.964300155639648,2330,452,435,131,126,5,5
nuscenes,night,scene-1094_004,tx,0.1,29.925062447960034,8.595000267028809,2399,452,435,131,126,5,5
nuscenes,night,scene-1094_004,ty,0.02,30.02908184461986,9.297200202941895,2448,452,434,131,126,5,5
nuscenes,night,scene-1094_004,ty,0.05,30.050525967033877,9.009300231933594,2366,452,434,131,127,5,5
nuscenes,night,scene-1094_004,ty,0.1,30.124351478217903,8.595000267028809,2278,452,435,131,127,5,5
nuscenes,night,scene-1094_004,tz,0.02,30.222296228457246,7.639999866485596,2981,452,430,131,129,5,5
nuscenes,night,scene-1094_004,tz,0.05,30.46953046953047,6.017899990081787,2930,452,428,131,129,5,5
nuscenes,night,scene-1094_004,tz,0.1,30.780755784917595,9.009300231933594,3998,452,428,131,130,5,5
nuscenes,night,scene-1094_008,none,0.0,30.370678883798416,4.648600101470947,2669,529,529,116,113,0,0
nuscenes,night,scene-1094_008,yaw,0.25,30.46341056842807,4.775000095367432,2671,529,529,116,112,0,0
nuscenes,night,scene-1094_008,yaw,0.5,30.42427273485038,5.730000019073486,2777,529,527,116,111,0,0
nuscenes,night,scene-1094_008,yaw,1.0,30.458715596330276,7.099299907684326,2701,529,519,116,101,0,0
nuscenes,night,scene-1094_008,yaw,2.0,30.450029222676797,6.684999942779541,2135,529,497,116,76,0,0
nuscenes,night,scene-1094_008,yaw,3.0,30.50267201068804,7.9278998374938965,2088,529,467,116,62,0,0
nuscenes,night,scene-1094_008,pitch,0.25,30.401465933699818,4.107900142669678,2709,529,529,116,106,0,0
nuscenes,night,scene-1094_008,pitch,0.5,30.418124271197733,3.819999933242798,2683,529,529,116,103,0,0
nuscenes,night,scene-1094_008,pitch,1.0,30.448183938687105,3.6935999393463135,2941,529,529,116,103,0,0
nuscenes,night,scene-1094_008,pitch,2.0,30.448183938687105,2.738600015640259,3006,529,529,116,101,0,0
nuscenes,night,scene-1094_008,pitch,3.0,30.478967097042897,1.909999966621399,3007,529,503,116,101,0,0
nuscenes,night,scene-1094_008,roll,0.25,30.667443408788284,3.6935999393463135,2756,529,529,116,115,0,0
nuscenes,night,scene-1094_008,roll,0.5,30.892753140860304,2.738600015640259,2795,529,529,116,115,0,0
nuscenes,night,scene-1094_008,roll,1.0,31.13881961762261,2.3243000507354736,2718,529,509,116,115,0,0
nuscenes,night,scene-1094_008,roll,2.0,32.3687919741315,3.819999933242798,2797,529,483,116,66,0,0
nuscenes,night,scene-1094_008,roll,3.0,33.3719199603109,6.684999942779541,2816,529,460,116,43,0,0
nuscenes,night,scene-1094_008,tx,0.02,30.403998334027488,4.234300136566162,2663,529,529,116,113,0,0
nuscenes,night,scene-1094_008,tx,0.05,30.387338608912952,4.234300136566162,2763,529,529,116,114,0,0
nuscenes,night,scene-1094_008,tx,0.1,30.39566847147022,3.819999933242798,2792,529,529,116,112,0,0
nuscenes,night,scene-1094_008,ty,0.02,30.436590436590436,4.648600101470947,2658,529,529,116,113,0,0
nuscenes,night,scene-1094_008,ty,0.05,30.512969254992957,4.234300136566162,2639,529,529,116,114,0,0
nuscenes,night,scene-1094_008,ty,0.1,30.5789213260762,3.819999933242798,2661,529,529,116,115,0,0
nuscenes,night,scene-1094_008,tz,0.02,30.607145831598235,3.819999933242798,2822,529,529,116,115,0,0
nuscenes,night,scene-1094_008,tz,0.05,30.88516945624115,2.865000009536743,2931,529,529,116,115,0,0
nuscenes,night,scene-1094_008,tz,0.1,31.140716069941714,3.819999933242798,2961,529,529,116,115,0,0
nuscenes,night,scene-1094_012,none,0.0,28.244720807945914,16.378950119018555,926,196,196,239,239,6,6
nuscenes,night,scene-1094_012,yaw,0.25,28.287882578600616,16.108600616455078,992,196,196,239,238,6,6
nuscenes,night,scene-1094_012,yaw,0.5,28.288213244481465,16.235000610351562,874,196,195,239,238,6,6
nuscenes,night,scene-1094_012,yaw,1.0,28.43243243243243,15.279999732971191,995,196,192,239,230,6,4
nuscenes,night,scene-1094_012,yaw,2.0,28.66970576046415,12.323699951171875,991,196,174,239,205,6,1
nuscenes,night,scene-1094_012,yaw,3.0,28.775847808105873,11.747900009155273,1089,196,142,239,188,6,0
nuscenes,night,scene-1094_012,pitch,0.25,28.263772954924875,16.235000610351562,881,196,196,239,239,6,3
nuscenes,night,scene-1094_012,pitch,0.5,28.257784456131564,15.279999732971191,910,196,196,239,239,6,3
nuscenes,night,scene-1094_012,pitch,1.0,28.245804458545546,13.369999885559082,958,196,196,239,239,6,3
nuscenes,night,scene-1094_012,pitch,2.0,28.25052192066806,10.54010009765625,935,196,196,239,234,6,3
nuscenes,night,scene-1094_012,pitch,3.0,28.236178386504093,7.639999866485596,934,196,194,239,226,6,1
nuscenes,night,scene-1094_012,roll,0.25,28.554739652870495,15.694299697875977,974,196,196,239,239,6,3
nuscenes,night,scene-1094_012,roll,0.5,28.772719693179923,10.505000114440918,938,196,196,239,239,6,3
nuscenes,night,scene-1094_012,roll,1.0,28.998667110963012,2.865000009536743,1071,196,196,239,234,6,3
nuscenes,night,scene-1094_012,roll,2.0,30.221150648486866,9.009300231933594,1126,196,168,239,221,6,1
nuscenes,night,scene-1094_012,roll,3.0,31.295113249813326,14.324999809265137,1145,196,131,239,143,6,1
nuscenes,night,scene-1094_012,tx,0.02,28.219681161839578,16.235000610351562,1024,196,196,239,239,6,6
nuscenes,night,scene-1094_012,tx,0.05,28.26141390535014,16.235000610351562,974,196,196,239,239,6,6
nuscenes,night,scene-1094_012,tx,0.1,28.211334613137467,16.235000610351562,1056,196,196,239,239,6,6
nuscenes,night,scene-1094_012,ty,0.02,28.303616063989335,16.108600616455078,964,196,196,239,239,6,6
nuscenes,night,scene-1094_012,ty,0.05,28.37197706307654,15.694299697875977,1008,196,196,239,239,6,6
nuscenes,night,scene-1094_012,ty,0.1,28.514720476348,15.694299697875977,950,196,196,239,239,6,6
nuscenes,night,scene-1094_012,tz,0.02,28.486770720307153,15.279999732971191,1057,196,196,239,239,6,3
nuscenes,night,scene-1094_012,tz,0.05,28.778899924881063,13.784299850463867,1221,196,196,239,239,6,3
nuscenes,night,scene-1094_012,tz,0.1,29.045989483348635,11.460000038146973,2331,196,196,239,239,6,3
nuscenes,night,scene-1094_016,none,0.0,23.402113739305484,7.387199878692627,2533,0,0,119,116,25,25
nuscenes,night,scene-1094_016,yaw,0.25,23.37945492662474,7.387199878692627,2553,0,0,119,117,25,24
nuscenes,night,scene-1094_016,yaw,0.5,23.40853811960077,7.387199878692627,2562,0,0,119,117,25,24
nuscenes,night,scene-1094_016,yaw,1.0,23.479135243841124,8.88290023803711,2599,0,0,119,112,25,21
nuscenes,night,scene-1094_016,yaw,2.0,23.70563061173114,11.017600059509277,2684,0,0,119,101,25,16
nuscenes,night,scene-1094_016,yaw,3.0,23.857696847074692,10.505000114440918,2309,0,0,119,82,25,10
nuscenes,night,scene-1094_016,pitch,0.25,23.410501593692334,7.639999866485596,2551,0,0,119,117,25,25
nuscenes,night,scene-1094_016,pitch,0.5,23.41888944807918,7.801499843597412,2448,0,0,119,117,25,25
nuscenes,night,scene-1094_016,pitch,1.0,23.469216574400267,7.801499843597412,2487,0,0,119,117,25,25
nuscenes,night,scene-1094_016,pitch,2.0,23.462796745239494,8.756500244140625,2610,0,0,119,112,25,25
nuscenes,night,scene-1094_016,pitch,3.0,23.492409628449217,10.919300079345703,2624,0,0,119,110,25,25
nuscenes,night,scene-1094_016,roll,0.25,23.719721733299806,7.513599872589111,2610,0,0,119,111,25,25
nuscenes,night,scene-1094_016,roll,0.5,23.925609449610455,8.054300308227539,2630,0,0,119,111,25,25
nuscenes,night,scene-1094_016,roll,1.0,24.175732217573223,9.964300155639648,2824,0,0,119,111,25,12
nuscenes,night,scene-1094_016,roll,2.0,25.38860103626943,14.216150283813477,2934,0,0,119,101,25,12
nuscenes,night,scene-1094_016,roll,3.0,26.423272484787862,15.602999687194824,3090,0,0,119,67,25,0
nuscenes,night,scene-1094_016,tx,0.02,23.37695017614494,7.639999866485596,2612,0,0,119,117,25,25
nuscenes,night,scene-1094_016,tx,0.05,23.402113739305484,7.639999866485596,2528,0,0,119,117,25,25
nuscenes,night,scene-1094_016,tx,0.1,23.40853811960077,7.801499843597412,2635,0,0,119,116,25,25
nuscenes,night,scene-1094_016,ty,0.02,23.459993304318715,6.684999942779541,2559,0,0,119,116,25,25
nuscenes,night,scene-1094_016,ty,0.05,23.585378067100653,7.5767998695373535,2696,0,0,119,116,25,25
nuscenes,night,scene-1094_016,ty,0.1,23.725018658263537,6.972899913787842,2672,0,0,119,116,25,25
nuscenes,night,scene-1094_016,tz,0.02,23.660152646146106,7.513599872589111,2671,0,0,119,116,25,25
nuscenes,night,scene-1094_016,tz,0.05,23.95169406239517,9.297200202941895,3288,0,0,119,116,25,25
nuscenes,night,scene-1094_016,tz,0.1,24.21802935010482,9.71150016784668,4015,0,0,119,116,25,25
nuscenes,night,scene-1094_020,none,0.0,24.03598971722365,7.801499843597412,3075,0,0,75,75,0,0
nuscenes,night,scene-1094_020,yaw,0.25,24.004112053456694,7.639999866485596,2914,0,0,75,73,0,0
nuscenes,night,scene-1094_020,yaw,0.5,23.953328757721344,8.215800285339355,2895,0,0,75,72,0,0
nuscenes,night,scene-1094_020,yaw,1.0,23.95368782161235,9.964300155639648,2800,0,0,75,67,0,0
nuscenes,night,scene-1094_020,yaw,2.0,23.867924528301888,11.621500015258789,2607,0,0,75,53,0,0
nuscenes,night,scene-1094_020,yaw,3.0,23.71558452697487,11.08080005645752,2669,0,0,75,41,0,0
nuscenes,night,scene-1094_020,pitch,0.25,24.044558697514997,7.639999866485596,3050,0,0,75,75,0,0
nuscenes,night,scene-1094_020,pitch,0.5,24.07883461868038,8.215800285339355,3058,0,0,75,74,0,0
nuscenes,night,scene-1094_020,pitch,1.0,24.07883461868038,7.639999866485596,3020,0,0,75,72,0,0
nuscenes,night,scene-1094_020,pitch,2.0,24.098346611839286,8.88290023803711,3135,0,0,75,72,0,0
nuscenes,night,scene-1094_020,pitch,3.0,24.068522483940043,8.054300308227539,3124,0,0,75,65,0,0
nuscenes,night,scene-1094_020,roll,0.25,24.30835117773019,6.684999942779541,3055,0,0,75,75,0,0
nuscenes,night,scene-1094_020,roll,0.5,24.464988871768533,6.684999942779541,2953,0,0,75,69,0,0
nuscenes,night,scene-1094_020,roll,1.0,24.70286447199658,11.747900009155273,3163,0,0,75,69,0,0
nuscenes,night,scene-1094_020,roll,2.0,25.97491253519925,15.982199668884277,3236,0,0,75,62,0,0
nuscenes,night,scene-1094_020,roll,3.0,27.084575419470234,10.792900085449219,3316,0,0,75,39,0,0
nuscenes,night,scene-1094_020,tx,0.02,24.03598971722365,7.640000343322754,3113,0,0,75,75,0,0
nuscenes,night,scene-1094_020,tx,0.05,24.09597257926307,7.801499843597412,3216,0,0,75,75,0,0
nuscenes,night,scene-1094_020,tx,0.1,24.14738646101114,7.099299907684326,3097,0,0,75,75,0,0
nuscenes,night,scene-1094_020,ty,0.02,24.094326725905674,8.054300308227539,3075,0,0,75,75,0,0
nuscenes,night,scene-1094_020,ty,0.05,24.24810428559257,8.468600273132324,3177,0,0,75,75,0,0
nuscenes,night,scene-1094_020,ty,0.1,24.367115400897468,8.215800285339355,3423,0,0,75,75,0,0
nuscenes,night,scene-1094_020,tz,0.02,24.273841144717675,7.639999866485596,3443,0,0,75,75,0,0
nuscenes,night,scene-1094_020,tz,0.05,24.505183788878416,8.054300308227539,3844,0,0,75,75,0,0
nuscenes,night,scene-1094_020,tz,0.1,25.03212541763043,8.756500244140625,5754,0,0,75,75,0,0
nuscenes,night,scene-1094_024,none,0.0,24.94564308412778,8.595000267028809,2828,0,0,49,47,0,0
nuscenes,night,scene-1094_024,yaw,0.25,24.832831828819792,10.378600120544434,2892,0,0,49,47,0,0
nuscenes,night,scene-1094_024,yaw,0.5,24.81190436381876,12.829299926757812,2658,0,0,49,45,0,0
nuscenes,night,scene-1094_024,yaw,1.0,24.713939697653053,12.414999961853027,2870,0,0,49,40,0,0
nuscenes,night,scene-1094_024,yaw,2.0,24.461512773417933,14.774399757385254,2773,0,0,49,24,0,0
nuscenes,night,scene-1094_024,yaw,3.0,24.401235083034297,14.342550277709961,2894,0,0,49,11,0,0
nuscenes,night,scene-1094_024,pitch,0.25,24.939366061721167,8.215800285339355,2893,0,0,49,47,0,0
nuscenes,night,scene-1094_024,pitch,0.5,24.97490799598528,8.595000267028809,3207,0,0,49,47,0,0
nuscenes,night,scene-1094_024,pitch,1.0,25.0,7.387199878692627,3106,0,0,49,47,0,0
nuscenes,night,scene-1094_024,pitch,2.0,25.05854800936768,5.730000019073486,2911,0,0,49,48,0,0
nuscenes,night,scene-1094_024,pitch,3.0,25.071082120755978,6.432199954986572,3223,0,0,49,46,0,0
nuscenes,night,scene-1094_024,roll,0.25,25.271784579361096,8.675750732421875,3026,0,0,49,47,0,0
nuscenes,night,scene-1094_024,roll,0.5,25.505768266176226,7.513599872589111,2936,0,0,49,47,0,0
nuscenes,night,scene-1094_024,roll,1.0,25.728601252609604,8.595000267028809,3055,0,0,49,46,0,0
nuscenes,night,scene-1094_024,roll,2.0,26.93013173253293,10.378600120544434,3144,0,0,49,37,0,0
nuscenes,night,scene-1094_024,roll,3.0,27.94607190412783,12.414999961853027,3311,0,0,49,33,0,0
nuscenes,night,scene-1094_024,tx,0.02,24.94564308412778,8.595000267028809,2814,0,0,49,47,0,0
nuscenes,night,scene-1094_024,tx,0.05,24.97073089145342,8.595000267028809,2890,0,0,49,46,0,0
nuscenes,night,scene-1094_024,tx,0.1,24.97073089145342,8.054300308227539,2976,0,0,49,46,0,0
nuscenes,night,scene-1094_024,ty,0.02,25.02713081225478,9.550000190734863,2833,0,0,49,47,0,0
nuscenes,night,scene-1094_024,ty,0.05,25.108297234255247,10.25220012664795,2721,0,0,49,47,0,0
nuscenes,night,scene-1094_024,ty,0.1,25.28821431533549,9.550000190734863,2810,0,0,49,47,0,0
nuscenes,night,scene-1094_024,tz,0.02,25.204883759826057,8.468600273132324,3363,0,0,49,47,0,0
nuscenes,night,scene-1094_024,tz,0.05,25.489212242849973,9.71150016784668,4012,0,0,49,47,0,0
nuscenes,night,scene-1094_024,tz,0.1,25.75681552099013,9.964300155639648,5910,0,0,49,47,0,0
nuscenes,night,scene-1094_028,none,0.0,25.822938322938324,9.297200202941895,1931,54,51,35,35,0,0
nuscenes,night,scene-1094_028,yaw,0.25,25.784092878184023,10.441800117492676,1902,54,51,35,34,0,0
nuscenes,night,scene-1094_028,yaw,0.5,25.759806043813317,10.505000114440918,1896,54,52,35,33,0,0
nuscenes,night,scene-1094_028,yaw,1.0,25.712800069330097,10.919300079345703,1771,54,49,35,31,0,0
nuscenes,night,scene-1094_028,yaw,2.0,25.651947148817804,11.811100006103516,1694,54,46,35,23,0,0
nuscenes,night,scene-1094_028,yaw,3.0,25.711302531975985,9.423600196838379,1766,54,37,35,17,0,0
nuscenes,night,scene-1094_028,pitch,0.25,25.83160083160083,10.125800132751465,1972,54,51,35,35,0,0
nuscenes,night,scene-1094_028,pitch,0.5,25.848925848925848,9.837900161743164,1964,54,52,35,35,0,0
nuscenes,night,scene-1094_028,pitch,1.0,25.85758835758836,12.288599967956543,1864,54,52,35,35,0,0
nuscenes,night,scene-1094_028,pitch,2.0,25.816229323633845,9.964300155639648,1999,54,51,35,19,0,0
nuscenes,night,scene-1094_028,pitch,3.0,25.83578728564005,10.919300079345703,2032,54,49,35,18,0,0
nuscenes,night,scene-1094_028,roll,0.25,26.114429152601055,9.837900161743164,1904,54,51,35,35,0,0
nuscenes,night,scene-1094_028,roll,0.5,26.3212524868091,11.333600044250488,2000,54,51,35,35,0,0
nuscenes,night,scene-1094_028,roll,1.0,26.51986183074266,14.198599815368652,2091,54,48,35,35,0,0
nuscenes,night,scene-1094_028,roll,2.0,27.679724494188548,16.68440055847168,2084,54,48,35,32,0,0
nuscenes,night,scene-1094_028,roll,3.0,28.70267021550614,10.792900085449219,2471,54,45,35,25,0,0
nuscenes,night,scene-1094_028,tx,0.02,25.81651217187906,9.17080020904541,1923,54,51,35,35,0,0
nuscenes,night,scene-1094_028,tx,0.05,25.83607693640617,8.756500244140625,1860,54,51,35,35,0,0
nuscenes,night,scene-1094_028,tx,0.1,25.872974612251973,8.468600273132324,1901,54,48,35,35,0,0
nuscenes,night,scene-1094_028,ty,0.02,25.87889781463246,9.774700164794922,1828,54,51,35,35,0,0
nuscenes,night,scene-1094_028,ty,0.05,25.921470916745424,9.837900161743164,1928,54,51,35,35,0,0
nuscenes,night,scene-1094_028,ty,0.1,26.037574722459436,8.756500244140625,1942,54,51,35,35,0,0
nuscenes,night,scene-1094_028,tz,0.02,26.1001386001386,8.756500244140625,2343,54,51,35,35,0,0
nuscenes,night,scene-1094_028,tz,0.05,26.34906886097878,9.964300155639648,3078,54,51,35,35,0,0
nuscenes,night,scene-1094_028,tz,0.1,26.60661701021999,15.694299697875977,4701,54,51,35,35,0,0
nuscenes,night,scene-1094_032,none,0.0,25.03338898163606,17.604299545288086,2446,0,0,138,128,0,0
nuscenes,night,scene-1094_032,yaw,0.25,25.004174319585907,17.604299545288086,2503,0,0,138,128,0,0
nuscenes,night,scene-1094_032,yaw,0.5,24.960334029227557,17.4322509765625,2524,0,0,138,128,0,0
nuscenes,night,scene-1094_032,yaw,1.0,25.006266187651434,18.145000457763672,2529,0,0,138,124,0,0
nuscenes,night,scene-1094_032,yaw,2.0,25.10659643842488,19.261499404907227,2503,0,0,138,115,0,0
nuscenes,night,scene-1094_032,yaw,3.0,24.991641591440988,21.080202102661133,2555,0,0,138,108,0,0
nuscenes,night,scene-1094_032,pitch,0.25,25.041736227045075,16.143699645996094,2563,0,0,138,128,0,0
nuscenes,night,scene-1094_032,pitch,0.5,25.060522581183736,14.198599815368652,2576,0,0,138,125,0,0
nuscenes,night,scene-1094_032,pitch,1.0,25.04799265503714,11.460000038146973,2555,0,0,138,116,0,0
nuscenes,night,scene-1094_032,pitch,2.0,25.08347245409015,11.460000038146973,2522,0,0,138,116,0,0
nuscenes,night,scene-1094_032,pitch,3.0,25.098071947249814,11.621500015258789,2643,0,0,138,116,0,0
nuscenes,night,scene-1094_032,roll,0.25,25.333667000333666,12.829299926757812,2446,0,0,138,128,0,0
nuscenes,night,scene-1094_032,roll,0.5,25.508333333333333,10.378600120544434,2626,0,0,138,128,0,0
nuscenes,night,scene-1094_032,roll,1.0,25.715950715950715,13.27869987487793,2530,0,0,138,126,0,0
nuscenes,night,scene-1094_032,roll,2.0,26.807804068078042,18.55929946899414,2742,0,0,138,122,0,0
nuscenes,night,scene-1094_032,roll,3.0,27.744180266755034,23.404502868652344,2801,0,0,138,96,0,0
nuscenes,night,scene-1094_032,tx,0.02,25.041736227045075,17.190000534057617,2483,0,0,138,128,0,0
nuscenes,night,scene-1094_032,tx,0.05,25.058430717863104,17.09869956970215,2371,0,0,138,128,0,0
nuscenes,night,scene-1094_032,tx,0.1,25.05008347245409,17.190000534057617,2438,0,0,138,128,0,0
nuscenes,night,scene-1094_032,ty,0.02,25.129102115608863,17.063600540161133,2492,0,0,138,128,0,0
nuscenes,night,scene-1094_032,ty,0.05,25.205547711984053,16.64929962158203,2439,0,0,138,128,0,0
nuscenes,night,scene-1094_032,ty,0.1,25.345126890964703,17.063600540161133,2477,0,0,138,128,0,0
nuscenes,night,scene-1094_032,tz,0.02,25.283806343906512,17.190000534057617,2648,0,0,138,128,0,0
nuscenes,night,scene-1094_032,tz,0.05,25.53830746119179,15.567899703979492,3234,0,0,138,128,0,0
nuscenes,night,scene-1094_032,tz,0.1,25.769840607527332,18.43290138244629,5003,0,0,138,128,0,0
nuscenes,night,scene-1094_036,none,0.0,23.12332439678284,18.55929946899414,2418,0,0,6,6,17,17
nuscenes,night,scene-1094_036,yaw,0.25,23.100762207890106,14.900799751281738,2424,0,0,6,6,17,17
nuscenes,night,scene-1094_036,yaw,0.5,23.085293379090984,16.270099639892578,2585,0,0,6,5,17,17
nuscenes,night,scene-1094_036,yaw,1.0,23.118820177643705,17.225099563598633,2623,0,0,6,4,17,14
nuscenes,night,scene-1094_036,yaw,2.0,23.105391538396837,21.96500015258789,2336,0,0,6,1,17,8
nuscenes,night,scene-1094_036,yaw,3.0,23.075628838226635,18.34160041809082,2211,0,0,6,0,17,2
nuscenes,night,scene-1094_036,pitch,0.25,23.158776707163803,21.96500015258789,2572,0,0,6,6,17,17
nuscenes,night,scene-1094_036,pitch,0.5,23.169096698508465,21.424299240112305,2573,0,0,6,5,17,17
nuscenes,night,scene-1094_036,pitch,1.0,23.156218571907477,21.206602096557617,2559,0,0,6,4,17,17
nuscenes,night,scene-1094_036,pitch,2.0,23.18779854185871,19.135099411010742,2424,0,0,6,4,17,17
nuscenes,night,scene-1094_036,pitch,3.0,23.175534143276078,20.7572021484375,2412,0,0,6,4,17,17
nuscenes,night,scene-1094_036,roll,0.25,23.388042203985933,21.856149673461914,2702,0,0,6,6,17,17
nuscenes,night,scene-1094_036,roll,0.5,23.556485355648537,18.882299423217773,2670,0,0,6,6,17,17
nuscenes,night,scene-1094_036,roll,1.0,23.726407215633873,22.540800094604492,2705,0,0,6,6,17,17
nuscenes,night,scene-1094_036,roll,2.0,24.889592533955504,29.478599548339844,2602,0,0,6,2,17,8
nuscenes,night,scene-1094_036,roll,3.0,25.79170476269637,21.04509925842285,2789,0,0,6,2,17,0
nuscenes,night,scene-1094_036,tx,0.02,23.140080428954423,19.928600311279297,2379,0,0,6,6,17,17
nuscenes,night,scene-1094_036,tx,0.05,23.165214477211798,22.828699111938477,2564,0,0,6,6,17,17
nuscenes,night,scene-1094_036,tx,0.1,23.19034852546917,24.577199935913086,2806,0,0,6,6,17,17
nuscenes,night,scene-1094_036,ty,0.02,23.179084530571334,21.171499252319336,2678,0,0,6,6,17,17
nuscenes,night,scene-1094_036,ty,0.05,23.293373293373293,22.000099182128906,2747,0,0,6,6,17,17
nuscenes,night,scene-1094_036,ty,0.1,23.449532168584913,22.57590103149414,2999,0,0,6,6,17,17
nuscenes,night,scene-1094_036,tz,0.02,23.37466487935657,21.96500015258789,2977,0,0,6,6,17,17
nuscenes,night,scene-1094_036,tz,0.05,23.600871313672922,22.575902938842773,3821,0,0,6,6,17,17
nuscenes,night,scene-1094_036,tz,0.1,23.83983916904004,20.342899322509766,6047,0,0,6,6,17,17
