dataset,group,axis,level,pct_fov,edge_dist_px,pct_in_box_near,pct_in_box_mid,pct_in_box_far,pct_in_box,n_obj_pts,threshold_px,detect_rate
kitti,day,pitch,0.0,32.126,2.732,93.385,95.907,96.081,94.332,33788,,
kitti,day,pitch,0.25,31.823,2.657,91.374,93.102,88.437,91.731,33788,3.82,5.0
kitti,day,pitch,0.5,31.397,2.786,89.034,89.143,81.18,88.588,33788,3.82,10.0
kitti,day,pitch,1.0,30.693,3.524,84.66,82.608,60.232,82.529,33788,3.82,25.0
kitti,day,pitch,2.0,29.226,4.497,75.107,67.43,30.866,70.019,33788,3.82,45.0
kitti,day,pitch,3.0,27.709,5.49,63.511,50.868,13.836,56.55,33788,3.82,65.0
kitti,day,roll,0.0,32.126,2.732,93.385,95.907,96.081,94.332,33788,,
kitti,day,roll,0.25,32.129,2.738,93.422,95.707,95.114,94.235,33788,3.82,5.0
kitti,day,roll,0.5,32.133,2.767,93.277,95.115,95.307,93.971,33788,3.82,10.0
kitti,day,roll,1.0,32.133,2.95,92.853,92.673,94.146,92.876,33788,3.82,10.0
kitti,day,roll,2.0,32.119,3.149,91.106,89.162,91.05,90.5,33788,3.82,25.0
kitti,day,roll,3.0,32.194,3.512,88.7,84.898,85.293,87.312,33788,3.82,30.0
kitti,day,tx,0.0,32.126,2.732,93.385,95.907,96.081,94.332,33788,,
kitti,day,tx,0.02,32.169,2.732,93.625,96.012,96.081,94.516,33788,3.82,0.0
kitti,day,tx,0.05,32.3,2.779,93.931,96.108,96.033,94.735,33788,3.82,0.0
kitti,day,tx,0.1,32.462,2.794,94.27,96.442,96.13,95.057,33788,3.82,0.0
kitti,day,ty,0.0,32.126,2.732,93.385,95.907,96.081,94.332,33788,,
kitti,day,ty,0.02,32.129,2.779,93.366,95.869,95.888,94.297,33788,3.82,0.0
kitti,day,ty,0.05,32.134,2.738,93.262,95.545,95.646,94.116,33788,3.82,0.0
kitti,day,ty,0.1,32.138,2.786,92.782,94.715,95.114,93.524,33788,3.82,0.0
kitti,day,tz,0.0,32.126,2.732,93.385,95.907,96.081,94.332,33788,,
kitti,day,tz,0.02,32.451,2.821,94.378,96.966,96.226,95.294,33788,3.82,0.0
kitti,day,tz,0.05,32.878,2.887,94.477,97.195,96.226,95.427,33788,3.82,5.0
kitti,day,tz,0.1,33.6,3.01,93.62,96.795,95.936,94.747,33788,3.82,15.0
kitti,day,yaw,0.0,32.126,2.732,93.385,95.907,96.081,94.332,33788,,
kitti,day,yaw,0.25,32.137,2.676,93.319,94.944,92.791,93.791,33788,3.82,0.0
kitti,day,yaw,0.5,32.146,2.669,92.707,92.234,85.68,92.13,33788,3.82,0.0
kitti,day,yaw,1.0,32.156,2.916,90.55,84.927,68.36,87.448,33788,3.82,15.0
kitti,day,yaw,2.0,32.165,3.093,83.653,73.173,41.413,77.818,33788,3.82,25.0
kitti,day,yaw,3.0,32.184,3.278,76.284,61.982,23.899,68.643,33788,3.82,30.0
nuscenes,day,pitch,0.0,24.871,16.228,100.0,98.329,99.286,99.047,1469,,
nuscenes,day,pitch,0.25,24.897,14.699,100.0,98.201,99.286,98.979,1469,34.071,10.0
nuscenes,day,pitch,0.5,24.926,17.602,100.0,97.301,99.286,98.502,1469,34.071,10.0
nuscenes,day,pitch,1.0,24.941,13.85,100.0,95.887,98.571,97.686,1469,34.071,0.0
nuscenes,day,pitch,2.0,24.91,16.07,97.641,93.059,89.286,94.418,1469,34.071,0.0
nuscenes,day,pitch,3.0,24.922,21.161,94.011,89.203,85.714,90.674,1469,34.071,0.0
nuscenes,day,roll,0.0,24.871,16.228,100.0,98.329,99.286,99.047,1469,,
nuscenes,day,roll,0.25,25.042,15.248,100.0,99.614,98.571,99.66,1469,34.071,0.0
nuscenes,day,roll,0.5,25.162,14.751,100.0,99.614,98.571,99.66,1469,34.071,0.0
nuscenes,day,roll,1.0,25.979,15.241,97.096,96.015,86.429,95.507,1469,34.071,0.0
nuscenes,day,roll,2.0,26.864,14.181,89.837,84.19,55.0,83.526,1469,34.071,0.0
nuscenes,day,roll,3.0,27.756,9.41,82.396,68.252,6.429,67.665,1469,34.071,0.0
nuscenes,day,tx,0.0,24.871,16.228,100.0,98.329,99.286,99.047,1469,,
nuscenes,day,tx,0.02,24.873,15.985,100.0,98.201,99.286,98.979,1469,34.071,0.0
nuscenes,day,tx,0.05,24.87,15.763,100.0,97.686,98.571,98.639,1469,34.071,0.0
nuscenes,day,tx,0.1,24.867,16.44,100.0,97.558,98.571,98.57,1469,34.071,0.0
nuscenes,day,ty,0.0,24.871,16.228,100.0,98.329,99.286,99.047,1469,,
nuscenes,day,ty,0.02,24.9,16.538,100.0,98.329,99.286,99.047,1469,34.071,10.0
nuscenes,day,ty,0.05,24.924,17.06,100.0,98.329,99.286,99.047,1469,34.071,10.0
nuscenes,day,ty,0.1,24.939,18.073,100.0,98.329,99.286,99.047,1469,34.071,20.0
nuscenes,day,tz,0.0,24.871,16.228,100.0,98.329,99.286,99.047,1469,,
nuscenes,day,tz,0.02,25.014,21.971,100.0,98.329,99.286,99.047,1469,34.071,10.0
nuscenes,day,tz,0.05,25.174,26.328,100.0,99.357,99.286,99.592,1469,34.071,20.0
nuscenes,day,tz,0.1,26.056,30.054,100.0,100.0,99.286,99.932,1469,34.071,40.0
nuscenes,day,yaw,0.0,24.871,16.228,100.0,98.329,99.286,99.047,1469,,
nuscenes,day,yaw,0.25,24.861,17.26,100.0,97.815,99.286,98.775,1469,34.071,10.0
nuscenes,day,yaw,0.5,24.844,16.848,99.637,96.53,96.429,97.686,1469,34.071,10.0
nuscenes,day,yaw,1.0,24.821,19.01,98.367,89.589,91.429,93.057,1469,34.071,10.0
nuscenes,day,yaw,2.0,24.806,23.214,92.377,75.707,68.571,81.28,1469,34.071,20.0
nuscenes,day,yaw,3.0,24.795,24.855,84.574,62.596,45.714,69.231,1469,34.071,20.0
nuscenes,night,pitch,0.0,26.765,11.434,98.286,97.64,100.0,98.085,2820,,
nuscenes,night,pitch,0.25,26.774,11.488,98.171,97.05,94.34,97.695,2820,18.559,10.0
nuscenes,night,pitch,0.5,26.789,11.117,98.171,96.362,94.34,97.447,2820,18.559,10.0
nuscenes,night,pitch,1.0,26.792,10.634,98.0,95.28,94.34,96.95,2820,18.559,10.0
nuscenes,night,pitch,2.0,26.804,9.865,97.543,91.74,88.679,95.284,2820,18.559,10.0
nuscenes,night,pitch,3.0,26.811,10.051,95.486,86.726,84.906,92.128,2820,18.559,10.0
nuscenes,night,roll,0.0,26.765,11.434,98.286,97.64,100.0,98.085,2820,,
nuscenes,night,roll,0.25,27.062,10.289,98.057,97.837,94.34,97.908,2820,18.559,10.0
nuscenes,night,roll,0.5,27.263,8.854,98.057,97.247,94.34,97.695,2820,18.559,10.0
nuscenes,night,roll,1.0,27.492,9.851,95.029,96.362,66.038,94.965,2820,18.559,10.0
nuscenes,night,roll,2.0,28.692,13.328,89.6,79.843,45.283,85.248,2820,18.559,10.0
nuscenes,night,roll,3.0,29.746,12.939,84.286,51.721,1.887,70.993,2820,18.559,20.0
nuscenes,night,tx,0.0,26.765,11.434,98.286,97.64,100.0,98.085,2820,,
nuscenes,night,tx,0.02,26.763,11.397,98.343,97.738,100.0,98.156,2820,18.559,10.0
nuscenes,night,tx,0.05,26.782,11.478,98.457,97.738,100.0,98.227,2820,18.559,10.0
nuscenes,night,tx,0.1,26.793,11.126,98.229,97.443,100.0,97.979,2820,18.559,10.0
nuscenes,night,ty,0.0,26.765,11.434,98.286,97.64,100.0,98.085,2820,,
nuscenes,night,ty,0.02,26.828,11.751,98.343,97.64,100.0,98.121,2820,18.559,10.0
nuscenes,night,ty,0.05,26.911,11.9,98.343,97.837,100.0,98.191,2820,18.559,10.0
nuscenes,night,ty,0.1,27.036,11.573,98.457,97.935,100.0,98.298,2820,18.559,10.0
nuscenes,night,tz,0.0,26.765,11.434,98.286,97.64,100.0,98.085,2820,,
nuscenes,night,tz,0.02,27.015,10.728,98.114,98.132,94.34,98.05,2820,18.559,10.0
nuscenes,night,tz,0.05,27.277,11.013,98.0,98.23,94.34,98.014,2820,18.559,10.0
nuscenes,night,tz,0.1,27.575,11.865,96.343,98.328,94.34,97.021,2820,18.559,10.0
nuscenes,night,yaw,0.0,26.765,11.434,98.286,97.64,100.0,98.085,2820,,
nuscenes,night,yaw,0.25,26.761,11.12,98.057,97.247,94.34,97.695,2820,18.559,0.0
nuscenes,night,yaw,0.5,26.75,11.557,97.657,96.362,94.34,97.128,2820,18.559,0.0
nuscenes,night,yaw,1.0,26.778,11.795,96.0,89.971,73.585,93.404,2820,18.559,0.0
nuscenes,night,yaw,2.0,26.796,12.477,90.229,76.5,47.17,84.468,2820,18.559,20.0
nuscenes,night,yaw,3.0,26.805,11.877,82.914,66.667,22.642,75.922,2820,18.559,10.0
