frame,group,ego_comp,n,k,dt_ms
scene-0103_000,day,True,27,27,-35.186
scene-0103_000,day,False,27,26,-35.186
scene-0103_004,day,True,113,111,-35.788
scene-0103_004,day,False,113,111,-35.788
scene-0103_008,day,True,71,71,-36.42
scene-0103_008,day,False,71,71,-36.42
scene-0103_012,day,True,152,152,-35.362
scene-0103_012,day,False,152,150,-35.362
scene-0103_016,day,True,182,182,-34.232
scene-0103_016,day,False,182,182,-34.232
scene-0103_020,day,True,210,203,-35.616
scene-0103_020,day,False,210,203,-35.616
scene-0103_024,day,True,86,85,-35.993
scene-0103_024,day,False,86,85,-35.993
scene-0103_028,day,True,147,147,-34.646
scene-0103_028,day,False,147,147,-34.646
scene-0103_032,day,True,295,291,-34.462
scene-0103_032,day,False,295,291,-34.462
scene-0103_036,day,True,186,186,-35.645
scene-0103_036,day,False,186,183,-35.645
scene-1094_000,night,True,628,619,-35.659
scene-1094_000,night,False,628,619,-35.659
scene-1094_004,night,True,588,564,-34.599
scene-1094_004,night,False,588,564,-34.599
scene-1094_008,night,True,645,642,-35.245
scene-1094_008,night,False,645,642,-35.245
scene-1094_012,night,True,441,441,-35.276
scene-1094_012,night,False,441,429,-35.276
scene-1094_016,night,True,144,141,-37.0
scene-1094_016,night,False,144,141,-37.0
scene-1094_020,night,True,75,75,-37.269
scene-1094_020,night,False,75,75,-37.269
scene-1094_024,night,True,49,47,-34.889
scene-1094_024,night,False,49,44,-34.889
scene-1094_028,night,True,89,86,-35.502
scene-1094_028,night,False,89,84,-35.502
scene-1094_032,night,True,138,128,-35.543
scene-1094_032,night,False,138,128,-35.543
scene-1094_036,night,True,23,23,-35.614
scene-1094_036,night,False,23,23,-35.614
